ID,TimeOfDay,Date,StartDate,Mass,Day,TOD,Dist_moved
A39,9:28:32,6/03/2018,27-Feb-18,0.066,7,0.39,3439.93
A3,9:28:32,6/03/2018,27-Feb-18,0.072,7,0.39,2795.08
A13,9:28:32,6/03/2018,27-Feb-18,0.105,7,0.39,5258.79
A23,9:28:32,6/03/2018,27-Feb-18,0.08,7,0.39,3402.74
A59,9:28:32,6/03/2018,27-Feb-18,0.077,7,0.39,7672.66
A69,9:28:32,6/03/2018,27-Feb-18,0.092,7,0.39,2400.66
A41,9:28:32,6/03/2018,27-Feb-18,0.073,7,0.39,3013.74
A9,10:01:20,6/03/2018,27-Feb-18,0.075,7,0.42,1733.47
A35,10:01:20,6/03/2018,27-Feb-18,0.09,7,0.42,5061.38
A25,10:01:20,6/03/2018,27-Feb-18,0.077,7,0.42,6510
A53,10:01:20,6/03/2018,27-Feb-18,0.073,7,0.42,4949.44
A47,10:33:07,6/03/2018,27-Feb-18,0.081,7,0.44,258.683
A37,10:33:07,6/03/2018,27-Feb-18,0.114,7,0.44,2119.37
A51,10:33:07,6/03/2018,27-Feb-18,0.104,7,0.44,4325.77
A7,10:33:07,6/03/2018,27-Feb-18,0.09,7,0.44,5418.47
A1,10:33:07,6/03/2018,27-Feb-18,0.061,7,0.44,4163.13
A61,10:33:07,6/03/2018,27-Feb-18,0.085,7,0.44,1188.64
A79,11:05:17,6/03/2018,27-Feb-18,0.09,7,0.46,8721.21
A45,11:05:17,6/03/2018,27-Feb-18,0.061,7,0.46,7235.41
A17,11:05:17,6/03/2018,27-Feb-18,0.083,7,0.46,4599.33
A43,11:05:17,6/03/2018,27-Feb-18,0.082,7,0.46,5632.07
A31,11:05:17,6/03/2018,27-Feb-18,0.069,7,0.46,4416.27
A49,11:05:17,6/03/2018,27-Feb-18,0.095,7,0.46,2837.72
A19,11:44:10,6/03/2018,27-Feb-18,0.078,7,0.49,5109.43
A5,11:44:10,6/03/2018,27-Feb-18,0.071,7,0.49,481.82
A11,11:44:10,6/03/2018,27-Feb-18,0.081,7,0.49,659.918
A55,11:44:10,6/03/2018,27-Feb-18,0.067,7,0.49,6223.04
A75,11:44:10,6/03/2018,27-Feb-18,0.098,7,0.49,451.57
A73,11:44:10,6/03/2018,27-Feb-18,0.088,7,0.49,6086.1
A15,12:15:54,6/03/2018,27-Feb-18,0.049,7,0.51,2155.67
A29,12:15:54,6/03/2018,27-Feb-18,0.101,7,0.51,791.72
A33,12:15:54,6/03/2018,27-Feb-18,0.082,7,0.51,2456.06
A67,12:15:54,6/03/2018,27-Feb-18,0.074,7,0.51,3077.16
A65,12:15:54,6/03/2018,27-Feb-18,0.069,7,0.51,4418.76
A27,12:46:56,6/03/2018,27-Feb-18,0.109,7,0.53,1645.43
A57,12:46:56,6/03/2018,27-Feb-18,0.08,7,0.53,7105.66
A63,12:46:56,6/03/2018,27-Feb-18,0.073,7,0.53,101.126
A71,12:46:56,6/03/2018,27-Feb-18,0.104,7,0.53,1141.07
A21,12:46:56,6/03/2018,27-Feb-18,0.099,7,0.53,1498.43
A1,9:08:36,7/03/2018,27-Feb-18,0.061,8,0.38,6115.76
A69,9:08:36,7/03/2018,27-Feb-18,0.092,8,0.38,6923.89
A11,9:08:36,7/03/2018,27-Feb-18,0.081,8,0.38,457.774
A13,9:08:36,7/03/2018,27-Feb-18,0.105,8,0.38,3891.96
A65,9:08:36,7/03/2018,27-Feb-18,0.069,8,0.38,3589.26
A31,9:08:36,7/03/2018,27-Feb-18,0.069,8,0.38,6046.16
A59,9:43:08,7/03/2018,27-Feb-18,0.077,8,0.4,4735.01
A27,9:43:08,7/03/2018,27-Feb-18,0.109,8,0.4,1032.76
A55,9:43:08,7/03/2018,27-Feb-18,0.067,8,0.4,4895.3
A45,9:43:08,7/03/2018,27-Feb-18,0.061,8,0.4,7731.23
A5,9:43:08,7/03/2018,27-Feb-18,0.071,8,0.4,1371.53
A23,9:43:08,7/03/2018,27-Feb-18,0.08,8,0.4,2671.69
A73,9:43:08,7/03/2018,27-Feb-18,0.088,8,0.4,5513.86
A51,10:16:02,7/03/2018,27-Feb-18,0.104,8,0.43,3743.12
A53,10:16:02,7/03/2018,27-Feb-18,0.073,8,0.43,5562.57
A9,10:16:02,7/03/2018,27-Feb-18,0.075,8,0.43,2145.64
A47,10:16:02,7/03/2018,27-Feb-18,0.081,8,0.43,1548.3
A43,10:16:02,7/03/2018,27-Feb-18,0.082,8,0.43,4029.62
A25,10:16:02,7/03/2018,27-Feb-18,0.077,8,0.43,5961.71
A49,10:48:08,7/03/2018,27-Feb-18,0.095,8,0.45,1376.63
A75,10:48:08,7/03/2018,27-Feb-18,0.098,8,0.45,482.975
A57,10:48:08,7/03/2018,27-Feb-18,0.08,8,0.45,7715.53
A79,10:48:08,7/03/2018,27-Feb-18,0.09,8,0.45,7194.26
A7,10:48:08,7/03/2018,27-Feb-18,0.09,8,0.45,4587.05
A15,10:48:08,7/03/2018,27-Feb-18,0.049,8,0.45,1421.23
A35,11:24:46,7/03/2018,27-Feb-18,0.09,8,0.48,7169.74
A33,11:24:46,7/03/2018,27-Feb-18,0.082,8,0.48,2885.1
A19,11:24:46,7/03/2018,27-Feb-18,0.078,8,0.48,4314.36
A41,11:24:46,7/03/2018,27-Feb-18,0.073,8,0.48,3967.68
A17,11:24:46,7/03/2018,27-Feb-18,0.083,8,0.48,5598.28
A63,11:24:46,7/03/2018,27-Feb-18,0.073,8,0.48,269.789
A67,11:24:46,7/03/2018,27-Feb-18,0.074,8,0.48,4805.57
A39,12:14:38,7/03/2018,27-Feb-18,0.066,8,0.51,5152.78
A21,12:14:38,7/03/2018,27-Feb-18,0.099,8,0.51,5247.38
A29,12:14:38,7/03/2018,27-Feb-18,0.101,8,0.51,1578.58
A3,12:14:38,7/03/2018,27-Feb-18,0.072,8,0.51,4229.64
A37,12:51:41,7/03/2018,27-Feb-18,0.114,8,0.54,1558.86
A71,12:51:41,7/03/2018,27-Feb-18,0.104,8,0.54,1763.24
A61,12:51:41,7/03/2018,27-Feb-18,0.085,8,0.54,3657.61
A53,9:25:22,8/03/2018,27-Feb-18,0.073,9,0.39,4053
A25,9:25:22,8/03/2018,27-Feb-18,0.077,9,0.39,3950.75
A65,9:25:22,8/03/2018,27-Feb-18,0.069,9,0.39,4372
A11,9:25:22,8/03/2018,27-Feb-18,0.081,9,0.39,882.063
A45,9:25:22,8/03/2018,27-Feb-18,0.061,9,0.39,6024.81
A79,9:25:22,8/03/2018,27-Feb-18,0.09,9,0.39,6189.94
A71,10:05:59,8/03/2018,27-Feb-18,0.104,9,0.42,1485.44
A61,10:05:59,8/03/2018,27-Feb-18,0.085,9,0.42,8195.54
A67,10:49:53,8/03/2018,27-Feb-18,0.074,9,0.45,6408.32
A17,10:49:53,8/03/2018,27-Feb-18,0.083,9,0.45,4872.97
A63,10:49:53,8/03/2018,27-Feb-18,0.073,9,0.45,251.317
A13,10:49:53,8/03/2018,27-Feb-18,0.105,9,0.45,499.581
A51,10:49:53,8/03/2018,27-Feb-18,0.104,9,0.45,3898.22
A1,10:49:53,8/03/2018,27-Feb-18,0.061,9,0.45,4618.23
A75,10:49:53,8/03/2018,27-Feb-18,0.098,9,0.45,3816.36
A47,11:31:17,8/03/2018,27-Feb-18,0.081,9,0.48,3893.43
A37,11:31:17,8/03/2018,27-Feb-18,0.114,9,0.48,983.017
A3,11:31:17,8/03/2018,27-Feb-18,0.072,9,0.48,3161.65
A59,11:31:17,8/03/2018,27-Feb-18,0.077,9,0.48,5836.45
A15,11:31:17,8/03/2018,27-Feb-18,0.049,9,0.48,1879.64
A55,11:31:17,8/03/2018,27-Feb-18,0.067,9,0.48,5329.19
A9,11:31:17,8/03/2018,27-Feb-18,0.075,9,0.48,2429.73
A35,11:31:17,8/03/2018,27-Feb-18,0.09,9,0.48,8224.63
A21,12:04:21,8/03/2018,27-Feb-18,0.099,9,0.5,6844.56
A73,12:04:21,8/03/2018,27-Feb-18,0.088,9,0.5,6241.24
A31,12:04:21,8/03/2018,27-Feb-18,0.069,9,0.5,5842.04
A23,12:04:21,8/03/2018,27-Feb-18,0.08,9,0.5,1939.71
A27,12:04:21,8/03/2018,27-Feb-18,0.109,9,0.5,757.165
A19,12:04:21,8/03/2018,27-Feb-18,0.078,9,0.5,4222.11
A69,12:40:29,8/03/2018,27-Feb-18,0.092,9,0.53,3601.71
A5,12:40:29,8/03/2018,27-Feb-18,0.071,9,0.53,2206.79
A57,12:40:29,8/03/2018,27-Feb-18,0.08,9,0.53,7617
A33,12:40:29,8/03/2018,27-Feb-18,0.082,9,0.53,2700
A43,12:40:29,8/03/2018,27-Feb-18,0.082,9,0.53,4039.46
A49,12:40:29,8/03/2018,27-Feb-18,0.095,9,0.53,1482.11
A7,12:40:29,8/03/2018,27-Feb-18,0.09,9,0.53,2492.29
A41,13:19:56,8/03/2018,27-Feb-18,0.073,9,0.56,3516.32
A39,13:19:56,8/03/2018,27-Feb-18,0.066,9,0.56,4400.83
A29,13:19:56,8/03/2018,27-Feb-18,0.101,9,0.56,2399.66
A15,9:24:26,9/03/2018,27-Feb-18,0.049,10,0.39,3743.72
A47,9:24:26,9/03/2018,27-Feb-18,0.081,10,0.39,2746.01
A23,9:24:26,9/03/2018,27-Feb-18,0.08,10,0.39,2753.61
A53,9:24:26,9/03/2018,27-Feb-18,0.073,10,0.39,3244.35
A13,9:24:26,9/03/2018,27-Feb-18,0.105,10,0.39,1187.68
A1,9:24:26,9/03/2018,27-Feb-18,0.061,10,0.39,5471.97
A71,9:24:26,9/03/2018,27-Feb-18,0.104,10,0.39,1197.04
A37,9:58:28,9/03/2018,27-Feb-18,0.114,10,0.42,2327.47
A3,9:58:28,9/03/2018,27-Feb-18,0.072,10,0.42,3604.52
A67,9:58:28,9/03/2018,27-Feb-18,0.074,10,0.42,5007.05
A43,9:58:28,9/03/2018,27-Feb-18,0.082,10,0.42,3194.88
A9,9:58:28,9/03/2018,27-Feb-18,0.075,10,0.42,1879.28
A39,9:58:28,9/03/2018,27-Feb-18,0.066,10,0.42,5630.42
A51,9:58:28,9/03/2018,27-Feb-18,0.104,10,0.42,4685.09
A5,9:58:28,9/03/2018,27-Feb-18,0.071,10,0.42,2209.94
A49,9:58:28,9/03/2018,27-Feb-18,0.095,10,0.42,3183.67
A19,10:33:52,9/03/2018,27-Feb-18,0.078,10,0.44,3559.21
A75,10:33:52,9/03/2018,27-Feb-18,0.098,10,0.44,519.72
A69,10:33:52,9/03/2018,27-Feb-18,0.092,10,0.44,4448.59
A61,10:33:52,9/03/2018,27-Feb-18,0.085,10,0.44,5540.23
A63,11:07:45,9/03/2018,27-Feb-18,0.073,10,0.46,1588.66
A73,11:07:45,9/03/2018,27-Feb-18,0.088,10,0.46,5931.39
A29,11:07:45,9/03/2018,27-Feb-18,0.101,10,0.46,1829.5
A45,11:43:59,9/03/2018,27-Feb-18,0.061,10,0.49,7764.65
A35,11:43:59,9/03/2018,27-Feb-18,0.09,10,0.49,7654.43
A33,11:43:59,9/03/2018,27-Feb-18,0.082,10,0.49,2890.09
A79,11:43:59,9/03/2018,27-Feb-18,0.09,10,0.49,4718.48
A17,11:43:59,9/03/2018,27-Feb-18,0.083,10,0.49,4476.81
A25,12:19:08,9/03/2018,27-Feb-18,0.077,10,0.51,4204.74
A11,12:19:08,9/03/2018,27-Feb-18,0.081,10,0.51,780.26
A27,12:19:08,9/03/2018,27-Feb-18,0.109,10,0.51,1075.31
A7,12:19:08,9/03/2018,27-Feb-18,0.09,10,0.51,2762.32
A41,12:19:08,9/03/2018,27-Feb-18,0.073,10,0.51,6046.5
A59,12:52:28,9/03/2018,27-Feb-18,0.077,10,0.54,4875.11
A55,12:52:28,9/03/2018,27-Feb-18,0.067,10,0.54,4735.58
A21,12:52:28,9/03/2018,27-Feb-18,0.099,10,0.54,6529.38
A57,12:52:28,9/03/2018,27-Feb-18,0.08,10,0.54,5697.03
A31,12:52:28,9/03/2018,27-Feb-18,0.069,10,0.54,6369.95
A65,12:52:28,9/03/2018,27-Feb-18,0.069,10,0.54,6153.33
A5,8:53:53,10/03/2018,27-Feb-18,0.071,11,0.37,1090.14
A23,8:53:53,10/03/2018,27-Feb-18,0.08,11,0.37,1840.35
A75,8:53:53,10/03/2018,27-Feb-18,0.098,11,0.37,427.991
A63,8:53:53,10/03/2018,27-Feb-18,0.073,11,0.37,1940.19
A57,9:27:52,10/03/2018,27-Feb-18,0.08,11,0.39,6268.43
A37,9:27:52,10/03/2018,27-Feb-18,0.114,11,0.39,1929.04
A27,9:27:52,10/03/2018,27-Feb-18,0.109,11,0.39,996.142
A69,9:27:52,10/03/2018,27-Feb-18,0.092,11,0.39,3969
A25,9:27:52,10/03/2018,27-Feb-18,0.077,11,0.39,6631.59
A29,9:27:52,10/03/2018,27-Feb-18,0.101,11,0.39,1780.55
A51,10:00:19,10/03/2018,27-Feb-18,0.104,11,0.42,2537.87
A53,10:00:19,10/03/2018,27-Feb-18,0.073,11,0.42,2663.71
A41,10:00:19,10/03/2018,27-Feb-18,0.073,11,0.42,6255.18
A65,10:00:19,10/03/2018,27-Feb-18,0.069,11,0.42,7372.4
A61,10:00:19,10/03/2018,27-Feb-18,0.085,11,0.42,4113.4
A17,10:00:19,10/03/2018,27-Feb-18,0.083,11,0.42,5203.25
A67,10:00:19,10/03/2018,27-Feb-18,0.074,11,0.42,6093.49
A59,10:34:10,10/03/2018,27-Feb-18,0.077,11,0.44,6684.01
A35,10:34:10,10/03/2018,27-Feb-18,0.09,11,0.44,7153.67
A15,10:34:10,10/03/2018,27-Feb-18,0.049,11,0.44,2708.67
A73,10:34:10,10/03/2018,27-Feb-18,0.088,11,0.44,4972
A45,10:34:10,10/03/2018,27-Feb-18,0.061,11,0.44,6954.2
A13,10:34:10,10/03/2018,27-Feb-18,0.105,11,0.44,1418.18
A9,11:05:50,10/03/2018,27-Feb-18,0.075,11,0.46,1615.1
A79,11:05:50,10/03/2018,27-Feb-18,0.09,11,0.46,7776.28
A43,11:05:50,10/03/2018,27-Feb-18,0.082,11,0.46,2829.05
A31,11:37:41,10/03/2018,27-Feb-18,0.069,11,0.48,5627.69
A1,11:37:41,10/03/2018,27-Feb-18,0.061,11,0.48,4115.74
A47,11:37:41,10/03/2018,27-Feb-18,0.081,11,0.48,5097.72
A7,11:37:41,10/03/2018,27-Feb-18,0.09,11,0.48,2451.11
A55,11:37:41,10/03/2018,27-Feb-18,0.067,11,0.48,6573.72
A39,11:37:41,10/03/2018,27-Feb-18,0.066,11,0.48,5676.43
A3,12:10:29,10/03/2018,27-Feb-18,0.072,11,0.51,4466.11
A21,12:10:29,10/03/2018,27-Feb-18,0.099,11,0.51,6234.75
A71,12:10:29,10/03/2018,27-Feb-18,0.104,11,0.51,3057.44
A11,12:10:29,10/03/2018,27-Feb-18,0.081,11,0.51,619.31
A49,12:10:29,10/03/2018,27-Feb-18,0.095,11,0.51,5156.41
A33,12:10:29,10/03/2018,27-Feb-18,0.082,11,0.51,2269
A19,12:10:29,10/03/2018,27-Feb-18,0.078,11,0.51,4068.64
A31,8:57:43,11/03/2018,27-Feb-18,0.069,12,0.37,4996
A75,8:57:43,11/03/2018,27-Feb-18,0.098,12,0.37,1694.62
A55,8:57:43,11/03/2018,27-Feb-18,0.067,12,0.37,5854.79
A29,8:57:43,11/03/2018,27-Feb-18,0.101,12,0.37,1328.63
A65,8:57:43,11/03/2018,27-Feb-18,0.069,12,0.37,5585.15
A63,8:57:43,11/03/2018,27-Feb-18,0.073,12,0.37,2948.15
A45,9:30:16,11/03/2018,27-Feb-18,0.061,12,0.4,6668.09
A57,9:30:16,11/03/2018,27-Feb-18,0.08,12,0.4,7202.48
A13,9:30:16,11/03/2018,27-Feb-18,0.105,12,0.4,2818.05
A23,9:30:16,11/03/2018,27-Feb-18,0.08,12,0.4,1964.72
A67,9:30:16,11/03/2018,27-Feb-18,0.074,12,0.4,6177.62
A11,10:02:11,11/03/2018,27-Feb-18,0.081,12,0.42,905.414
A7,10:02:11,11/03/2018,27-Feb-18,0.09,12,0.42,1946.3
A37,10:02:11,11/03/2018,27-Feb-18,0.114,12,0.42,1468.12
A27,10:02:11,11/03/2018,27-Feb-18,0.109,12,0.42,835.167
A19,10:02:11,11/03/2018,27-Feb-18,0.078,12,0.42,4702.17
A47,10:02:11,11/03/2018,27-Feb-18,0.081,12,0.42,4232.06
A69,10:02:11,11/03/2018,27-Feb-18,0.092,12,0.42,5047.14
A73,10:02:11,11/03/2018,27-Feb-18,0.088,12,0.42,7591.38
A61,10:37:45,11/03/2018,27-Feb-18,0.085,12,0.44,4209.96
A17,10:37:45,11/03/2018,27-Feb-18,0.083,12,0.44,3802.14
A71,10:37:45,11/03/2018,27-Feb-18,0.104,12,0.44,3230.93
A21,10:37:45,11/03/2018,27-Feb-18,0.099,12,0.44,9167.51
A79,10:37:45,11/03/2018,27-Feb-18,0.09,12,0.44,6559.12
A43,11:09:10,11/03/2018,27-Feb-18,0.082,12,0.46,1682.38
A15,11:09:10,11/03/2018,27-Feb-18,0.049,12,0.46,3877.29
A35,11:09:10,11/03/2018,27-Feb-18,0.09,12,0.46,7048.59
A59,11:09:10,11/03/2018,27-Feb-18,0.077,12,0.46,7997.4
A33,11:41:40,11/03/2018,27-Feb-18,0.082,12,0.49,1822.43
A1,11:41:40,11/03/2018,27-Feb-18,0.061,12,0.49,6894.66
A25,11:41:40,11/03/2018,27-Feb-18,0.077,12,0.49,8186.9
A5,11:41:40,11/03/2018,27-Feb-18,0.071,12,0.49,2150.85
A41,11:41:40,11/03/2018,27-Feb-18,0.073,12,0.49,6448.08
A39,11:41:40,11/03/2018,27-Feb-18,0.066,12,0.49,5739.96
A53,12:18:17,11/03/2018,27-Feb-18,0.073,12,0.51,2917.1
A3,12:18:17,11/03/2018,27-Feb-18,0.072,12,0.51,2349.79
A51,12:18:17,11/03/2018,27-Feb-18,0.104,12,0.51,2515.78
A49,12:18:17,11/03/2018,27-Feb-18,0.095,12,0.51,4000.18
A9,12:18:17,11/03/2018,27-Feb-18,0.075,12,0.51,2237.85
A71,9:32:14,12/03/2018,27-Feb-18,0.104,13,0.4,2058.26
A43,9:32:14,12/03/2018,27-Feb-18,0.082,13,0.4,1812.15
A35,9:32:14,12/03/2018,27-Feb-18,0.09,13,0.4,8151.27
A3,9:32:14,12/03/2018,27-Feb-18,0.072,13,0.4,2914.24
A53,9:32:14,12/03/2018,27-Feb-18,0.073,13,0.4,5738.62
A1,9:32:14,12/03/2018,27-Feb-18,0.061,13,0.4,5627.97
A23,9:32:14,12/03/2018,27-Feb-18,0.08,13,0.4,1948.15
A25,10:05:05,12/03/2018,27-Feb-18,0.077,13,0.42,5663.17
A41,10:05:05,12/03/2018,27-Feb-18,0.073,13,0.42,6840.18
A27,10:05:05,12/03/2018,27-Feb-18,0.109,13,0.42,3001.56
A59,10:05:05,12/03/2018,27-Feb-18,0.077,13,0.42,8330.5
A17,10:05:05,12/03/2018,27-Feb-18,0.083,13,0.42,3246.37
A51,10:37:44,12/03/2018,27-Feb-18,0.104,13,0.44,2131.4
A29,10:37:44,12/03/2018,27-Feb-18,0.101,13,0.44,1494.82
A75,10:37:44,12/03/2018,27-Feb-18,0.098,13,0.44,3338.48
A63,10:37:44,12/03/2018,27-Feb-18,0.073,13,0.44,2596.77
A57,10:37:44,12/03/2018,27-Feb-18,0.08,13,0.44,6940.32
A69,10:37:44,12/03/2018,27-Feb-18,0.092,13,0.44,5324.45
A33,11:10:37,12/03/2018,27-Feb-18,0.082,13,0.47,3199.09
A15,11:10:37,12/03/2018,27-Feb-18,0.049,13,0.47,3493.63
A47,11:10:37,12/03/2018,27-Feb-18,0.081,13,0.47,7204.65
A9,11:10:37,12/03/2018,27-Feb-18,0.075,13,0.47,2239.16
A49,11:10:37,12/03/2018,27-Feb-18,0.095,13,0.47,6826.55
A37,11:42:59,12/03/2018,27-Feb-18,0.114,13,0.49,3559.65
A31,11:42:59,12/03/2018,27-Feb-18,0.069,13,0.49,5859.4
A5,11:42:59,12/03/2018,27-Feb-18,0.071,13,0.49,1283.06
A39,11:42:59,12/03/2018,27-Feb-18,0.066,13,0.49,6463.07
A11,12:18:01,12/03/2018,27-Feb-18,0.081,13,0.51,941.539
A79,12:18:01,12/03/2018,27-Feb-18,0.09,13,0.51,4900.47
A55,12:18:01,12/03/2018,27-Feb-18,0.067,13,0.51,7930.9
A19,12:18:01,12/03/2018,27-Feb-18,0.078,13,0.51,4580.32
A7,12:18:01,12/03/2018,27-Feb-18,0.09,13,0.51,3198.99
A45,12:18:01,12/03/2018,27-Feb-18,0.061,13,0.51,7695.97
A13,12:52:21,12/03/2018,27-Feb-18,0.105,13,0.54,1957.8
A73,12:52:21,12/03/2018,27-Feb-18,0.088,13,0.54,5144.66
A65,12:52:21,12/03/2018,27-Feb-18,0.069,13,0.54,5207.2
A21,12:52:21,12/03/2018,27-Feb-18,0.099,13,0.54,8266.41
A67,12:52:21,12/03/2018,27-Feb-18,0.074,13,0.54,6469.54
A61,12:52:21,12/03/2018,27-Feb-18,0.085,13,0.54,5159.73
A41,8:57:41,13/03/2018,27-Feb-18,0.073,14,0.37,6845.83
A53,8:57:41,13/03/2018,27-Feb-18,0.073,14,0.37,5664.81
A11,8:57:41,13/03/2018,27-Feb-18,0.081,14,0.37,1007.74
A15,8:57:41,13/03/2018,27-Feb-18,0.049,14,0.37,3941.42
A55,8:57:41,13/03/2018,27-Feb-18,0.067,14,0.37,5930.37
A7,8:57:41,13/03/2018,27-Feb-18,0.09,14,0.37,2049.97
A59,8:57:41,13/03/2018,27-Feb-18,0.077,14,0.37,8881.74
A29,8:57:41,13/03/2018,27-Feb-18,0.101,14,0.37,1057.54
A47,9:33:34,13/03/2018,27-Feb-18,0.081,14,0.4,7540.56
A25,9:33:34,13/03/2018,27-Feb-18,0.077,14,0.4,6671.02
A39,9:33:34,13/03/2018,27-Feb-18,0.066,14,0.4,7013.95
A49,9:33:34,13/03/2018,27-Feb-18,0.095,14,0.4,4406.48
A23,9:33:34,13/03/2018,27-Feb-18,0.08,14,0.4,2781.48
A75,9:33:34,13/03/2018,27-Feb-18,0.098,14,0.4,2863.2
A45,9:33:34,13/03/2018,27-Feb-18,0.061,14,0.4,8054.03
A43,10:08:32,13/03/2018,27-Feb-18,0.082,14,0.42,1607.28
A63,10:08:32,13/03/2018,27-Feb-18,0.073,14,0.42,3645.45
A67,10:08:32,13/03/2018,27-Feb-18,0.074,14,0.42,7122.38
A35,10:08:32,13/03/2018,27-Feb-18,0.09,14,0.42,7827.59
A33,10:08:32,13/03/2018,27-Feb-18,0.082,14,0.42,3248.28
A57,10:42:16,13/03/2018,27-Feb-18,0.08,14,0.45,7152.59
A9,10:42:16,13/03/2018,27-Feb-18,0.075,14,0.45,1869.8
A31,10:42:16,13/03/2018,27-Feb-18,0.069,14,0.45,6346.85
A3,10:42:16,13/03/2018,27-Feb-18,0.072,14,0.45,3067.37
A37,10:42:16,13/03/2018,27-Feb-18,0.114,14,0.45,4161.3
A69,11:17:44,13/03/2018,27-Feb-18,0.092,14,0.47,5575.32
A51,11:17:44,13/03/2018,27-Feb-18,0.104,14,0.47,2237.91
A73,11:17:44,13/03/2018,27-Feb-18,0.088,14,0.47,4373.17
A65,11:17:44,13/03/2018,27-Feb-18,0.069,14,0.47,5434.18
A79,11:17:44,13/03/2018,27-Feb-18,0.09,14,0.47,6496.12
A17,11:17:44,13/03/2018,27-Feb-18,0.083,14,0.47,5239.73
A1,11:54:52,13/03/2018,27-Feb-18,0.061,14,0.5,6550.35
A71,11:54:52,13/03/2018,27-Feb-18,0.104,14,0.5,1369.94
A21,11:54:52,13/03/2018,27-Feb-18,0.099,14,0.5,7721.29
A19,11:54:52,13/03/2018,27-Feb-18,0.078,14,0.5,4756.72
A13,12:26:34,13/03/2018,27-Feb-18,0.105,14,0.52,1502.68
A5,12:26:34,13/03/2018,27-Feb-18,0.071,14,0.52,1885.46
A61,12:26:34,13/03/2018,27-Feb-18,0.085,14,0.52,4540.71
A27,12:26:34,13/03/2018,27-Feb-18,0.109,14,0.52,2355.39
A59,9:42:21,14/03/2018,27-Feb-18,0.077,15,0.4,6815.8
A49,9:42:21,14/03/2018,27-Feb-18,0.095,15,0.4,3166.73
A71,9:42:21,14/03/2018,27-Feb-18,0.104,15,0.4,1010.35
A69,9:42:21,14/03/2018,27-Feb-18,0.092,15,0.4,1487.8
A31,9:42:21,14/03/2018,27-Feb-18,0.069,15,0.4,5654.65
A33,9:42:21,14/03/2018,27-Feb-18,0.082,15,0.4,5411.63
A15,10:15:49,14/03/2018,27-Feb-18,0.049,15,0.43,3322.05
A23,10:15:49,14/03/2018,27-Feb-18,0.08,15,0.43,2676.37
A35,10:15:49,14/03/2018,27-Feb-18,0.09,15,0.43,7730.25
A27,10:15:49,14/03/2018,27-Feb-18,0.109,15,0.43,1127.89
A3,10:15:49,14/03/2018,27-Feb-18,0.072,15,0.43,3159.34
A47,10:15:49,14/03/2018,27-Feb-18,0.081,15,0.43,7332.54
A7,10:55:56,14/03/2018,27-Feb-18,0.09,15,0.46,2081.91
A67,10:55:56,14/03/2018,27-Feb-18,0.074,15,0.46,6542.98
A11,10:55:56,14/03/2018,27-Feb-18,0.081,15,0.46,832.636
A37,10:55:56,14/03/2018,27-Feb-18,0.114,15,0.46,5069.13
A1,10:55:56,14/03/2018,27-Feb-18,0.061,15,0.46,6163.16
A21,11:33:06,14/03/2018,27-Feb-18,0.099,15,0.48,8260.25
A41,11:33:06,14/03/2018,27-Feb-18,0.073,15,0.48,6234.36
A5,11:33:06,14/03/2018,27-Feb-18,0.071,15,0.48,1601.61
A39,11:33:06,14/03/2018,27-Feb-18,0.066,15,0.48,5647.24
A43,11:33:06,14/03/2018,27-Feb-18,0.082,15,0.48,2601.51
A29,11:33:06,14/03/2018,27-Feb-18,0.101,15,0.48,1240.9
A13,11:33:06,14/03/2018,27-Feb-18,0.105,15,0.48,2240.65
A19,12:07:16,14/03/2018,27-Feb-18,0.078,15,0.51,3851.91
A55,12:07:16,14/03/2018,27-Feb-18,0.067,15,0.51,9619
A9,12:41:06,14/03/2018,27-Feb-18,0.075,15,0.53,899.532
A75,12:41:06,14/03/2018,27-Feb-18,0.098,15,0.53,2253.43
A79,12:41:06,14/03/2018,27-Feb-18,0.09,15,0.53,6440.34
A45,12:41:06,14/03/2018,27-Feb-18,0.061,15,0.53,6291.62
A53,12:41:06,14/03/2018,27-Feb-18,0.073,15,0.53,4272.83
A51,12:41:06,14/03/2018,27-Feb-18,0.104,15,0.53,2422
A65,13:13:04,14/03/2018,27-Feb-18,0.069,15,0.55,6228.24
A17,13:13:04,14/03/2018,27-Feb-18,0.083,15,0.55,4382.6
A25,13:13:04,14/03/2018,27-Feb-18,0.077,15,0.55,6183.73
A61,13:13:04,14/03/2018,27-Feb-18,0.085,15,0.55,4128.93
A63,13:13:04,14/03/2018,27-Feb-18,0.073,15,0.55,5401.87
A57,13:13:04,14/03/2018,27-Feb-18,0.08,15,0.55,7694.17
A73,13:13:04,14/03/2018,27-Feb-18,0.088,15,0.55,6952.64
A1,9:12:51,15/03/2018,27-Feb-18,0.061,16,0.38,4418.06
A19,9:12:51,15/03/2018,27-Feb-18,0.078,16,0.38,2846.1
A41,9:12:51,15/03/2018,27-Feb-18,0.073,16,0.38,7297.6
A7,9:12:51,15/03/2018,27-Feb-18,0.09,16,0.38,2057.05
A15,9:12:51,15/03/2018,27-Feb-18,0.049,16,0.38,4746.22
A45,9:12:51,15/03/2018,27-Feb-18,0.061,16,0.38,7650.97
A79,9:45:28,15/03/2018,27-Feb-18,0.09,16,0.41,1939.87
A63,9:45:28,15/03/2018,27-Feb-18,0.073,16,0.41,5304.83
A23,9:45:28,15/03/2018,27-Feb-18,0.08,16,0.41,3025.46
A59,9:45:28,15/03/2018,27-Feb-18,0.077,16,0.41,7845.15
A53,9:45:28,15/03/2018,27-Feb-18,0.073,16,0.41,6477.67
A67,9:45:28,15/03/2018,27-Feb-18,0.074,16,0.41,7261.09
A73,10:30:22,15/03/2018,27-Feb-18,0.088,16,0.44,6523.29
A9,10:30:22,15/03/2018,27-Feb-18,0.075,16,0.44,2256.2
A51,10:30:22,15/03/2018,27-Feb-18,0.104,16,0.44,2303.04
A75,10:30:22,15/03/2018,27-Feb-18,0.098,16,0.44,629.325
A13,10:30:22,15/03/2018,27-Feb-18,0.105,16,0.44,1635.04
A3,10:30:22,15/03/2018,27-Feb-18,0.072,16,0.44,2712.28
A37,10:30:22,15/03/2018,27-Feb-18,0.114,16,0.44,4164.27
A25,10:30:22,15/03/2018,27-Feb-18,0.077,16,0.44,6896.06
A61,11:13:16,15/03/2018,27-Feb-18,0.085,16,0.47,3990.24
A55,11:13:16,15/03/2018,27-Feb-18,0.067,16,0.47,6813.56
A39,11:13:16,15/03/2018,27-Feb-18,0.066,16,0.47,6474.41
A31,11:13:16,15/03/2018,27-Feb-18,0.069,16,0.47,5528.68
A5,11:13:16,15/03/2018,27-Feb-18,0.071,16,0.47,4022.94
A35,11:49:26,15/03/2018,27-Feb-18,0.09,16,0.49,7296.57
A47,11:49:26,15/03/2018,27-Feb-18,0.081,16,0.49,6566.24
A11,11:49:26,15/03/2018,27-Feb-18,0.081,16,0.49,1309.88
A49,11:49:26,15/03/2018,27-Feb-18,0.095,16,0.49,5037.19
A21,11:49:26,15/03/2018,27-Feb-18,0.099,16,0.49,6812.86
A57,12:22:33,15/03/2018,27-Feb-18,0.08,16,0.52,8096.28
A33,12:22:33,15/03/2018,27-Feb-18,0.082,16,0.52,2573.36
A69,12:22:33,15/03/2018,27-Feb-18,0.092,16,0.52,2412.17
A17,12:22:33,15/03/2018,27-Feb-18,0.083,16,0.52,5050.67
A27,12:22:33,15/03/2018,27-Feb-18,0.109,16,0.52,1034.73
A71,12:54:11,15/03/2018,27-Feb-18,0.104,16,0.54,1501.34
A65,12:54:11,15/03/2018,27-Feb-18,0.069,16,0.54,5640.29
A29,12:54:11,15/03/2018,27-Feb-18,0.101,16,0.54,1388.65
A43,12:54:11,15/03/2018,27-Feb-18,0.082,16,0.54,4223.17
A9,9:23:56,16/03/2018,27-Feb-18,0.075,17,0.39,1654.15
A3,9:23:56,16/03/2018,27-Feb-18,0.072,17,0.39,2946.69
A31,9:23:56,16/03/2018,27-Feb-18,0.069,17,0.39,5674.52
A69,9:23:56,16/03/2018,27-Feb-18,0.092,17,0.39,4623.46
A51,9:23:56,16/03/2018,27-Feb-18,0.104,17,0.39,2491.96
A71,9:58:48,16/03/2018,27-Feb-18,0.104,17,0.42,1882.77
A67,9:58:48,16/03/2018,27-Feb-18,0.074,17,0.42,6346.63
A23,9:58:48,16/03/2018,27-Feb-18,0.08,17,0.42,2390.04
A25,9:58:48,16/03/2018,27-Feb-18,0.077,17,0.42,6267.49
A49,9:58:48,16/03/2018,27-Feb-18,0.095,17,0.42,4375.52
A13,9:58:48,16/03/2018,27-Feb-18,0.105,17,0.42,2041.53
A29,9:58:48,16/03/2018,27-Feb-18,0.101,17,0.42,920.572
A73,10:33:22,16/03/2018,27-Feb-18,0.088,17,0.44,5000.56
A57,10:33:22,16/03/2018,27-Feb-18,0.08,17,0.44,7436.88
A1,10:33:22,16/03/2018,27-Feb-18,0.061,17,0.44,6290.67
A27,10:33:22,16/03/2018,27-Feb-18,0.109,17,0.44,1362.09
A43,10:33:22,16/03/2018,27-Feb-18,0.082,17,0.44,3755.61
A37,10:33:22,16/03/2018,27-Feb-18,0.114,17,0.44,5562.02
A47,10:33:22,16/03/2018,27-Feb-18,0.081,17,0.44,6825.64
A41,11:12:40,16/03/2018,27-Feb-18,0.073,17,0.47,6973.16
A53,11:12:40,16/03/2018,27-Feb-18,0.073,17,0.47,7711.49
A11,11:12:40,16/03/2018,27-Feb-18,0.081,17,0.47,846.69
A7,11:46:28,16/03/2018,27-Feb-18,0.09,17,0.49,2626.02
A55,11:46:28,16/03/2018,27-Feb-18,0.067,17,0.49,6307.98
A63,11:46:28,16/03/2018,27-Feb-18,0.073,17,0.49,4601.24
A75,11:46:28,16/03/2018,27-Feb-18,0.098,17,0.49,1951.27
A33,11:46:28,16/03/2018,27-Feb-18,0.082,17,0.49,2538.44
A79,11:46:28,16/03/2018,27-Feb-18,0.09,17,0.49,4790.99
A15,11:46:28,16/03/2018,27-Feb-18,0.049,17,0.49,5409.55
A39,11:46:28,16/03/2018,27-Feb-18,0.066,17,0.49,6962.16
A65,11:46:28,16/03/2018,27-Feb-18,0.069,17,0.49,6215.57
A17,12:20:45,16/03/2018,27-Feb-18,0.083,17,0.51,3967.39
A5,12:20:45,16/03/2018,27-Feb-18,0.071,17,0.51,3319.76
A61,12:20:45,16/03/2018,27-Feb-18,0.085,17,0.51,4233.15
A21,12:20:45,16/03/2018,27-Feb-18,0.099,17,0.51,6622.84
A59,12:20:45,16/03/2018,27-Feb-18,0.077,17,0.51,6797.66
A19,13:10:24,16/03/2018,27-Feb-18,0.078,17,0.55,3225.39
A35,13:10:24,16/03/2018,27-Feb-18,0.09,17,0.55,7830.61
A45,13:10:24,16/03/2018,27-Feb-18,0.061,17,0.55,7640.44
A63,9:31:03,17/03/2018,27-Feb-18,0.073,18,0.4,5353.34
A33,9:31:03,17/03/2018,27-Feb-18,0.082,18,0.4,1822.31
A43,9:31:03,17/03/2018,27-Feb-18,0.082,18,0.4,1598.31
A51,9:31:03,17/03/2018,27-Feb-18,0.104,18,0.4,1682.32
A31,9:31:03,17/03/2018,27-Feb-18,0.069,18,0.4,5642.23
A45,9:31:03,17/03/2018,27-Feb-18,0.061,18,0.4,7396.97
A49,10:06:39,17/03/2018,27-Feb-18,0.095,18,0.42,3864.13
A55,10:06:39,17/03/2018,27-Feb-18,0.067,18,0.42,4764.42
A79,10:06:39,17/03/2018,27-Feb-18,0.09,18,0.42,5383.2
A69,10:06:39,17/03/2018,27-Feb-18,0.092,18,0.42,5426.8
A1,10:06:39,17/03/2018,27-Feb-18,0.061,18,0.42,6523.95
A3,10:06:39,17/03/2018,27-Feb-18,0.072,18,0.42,2917.91
A61,10:40:10,17/03/2018,27-Feb-18,0.085,18,0.44,4578.66
A39,10:40:10,17/03/2018,27-Feb-18,0.066,18,0.44,6195.23
A35,10:40:10,17/03/2018,27-Feb-18,0.09,18,0.44,8735.67
A41,10:40:10,17/03/2018,27-Feb-18,0.073,18,0.44,6190.66
A19,10:40:10,17/03/2018,27-Feb-18,0.078,18,0.44,3868.94
A73,10:40:10,17/03/2018,27-Feb-18,0.088,18,0.44,5566.31
A11,11:16:41,17/03/2018,27-Feb-18,0.081,18,0.47,1154.63
A9,11:16:41,17/03/2018,27-Feb-18,0.075,18,0.47,2449.54
A17,11:16:41,17/03/2018,27-Feb-18,0.083,18,0.47,6194.82
A53,11:16:41,17/03/2018,27-Feb-18,0.073,18,0.47,6058.69
A65,11:49:57,17/03/2018,27-Feb-18,0.069,18,0.49,5395.78
A75,11:49:57,17/03/2018,27-Feb-18,0.098,18,0.49,2260.24
A25,11:49:57,17/03/2018,27-Feb-18,0.077,18,0.49,6683.79
A71,11:49:57,17/03/2018,27-Feb-18,0.104,18,0.49,1733.19
A47,11:49:57,17/03/2018,27-Feb-18,0.081,18,0.49,7190.92
A67,11:49:57,17/03/2018,27-Feb-18,0.074,18,0.49,4807.2
A29,11:49:57,17/03/2018,27-Feb-18,0.101,18,0.49,1184.76
A21,12:27:02,17/03/2018,27-Feb-18,0.099,18,0.52,7788.79
A23,12:27:02,17/03/2018,27-Feb-18,0.08,18,0.52,2186.97
A57,12:27:02,17/03/2018,27-Feb-18,0.08,18,0.52,7141.63
A15,12:27:02,17/03/2018,27-Feb-18,0.049,18,0.52,4684.7
A59,12:27:02,17/03/2018,27-Feb-18,0.077,18,0.52,5691.89
A13,13:01:30,17/03/2018,27-Feb-18,0.105,18,0.54,2627.28
A37,13:01:30,17/03/2018,27-Feb-18,0.114,18,0.54,5591.96
A27,13:01:30,17/03/2018,27-Feb-18,0.109,18,0.54,1282.89
A7,13:01:30,17/03/2018,27-Feb-18,0.09,18,0.54,2332.47
A5,13:01:30,17/03/2018,27-Feb-18,0.071,18,0.54,5213.62
A65,9:36:50,18/03/2018,27-Feb-18,0.069,19,0.4,4965.71
A29,9:36:50,18/03/2018,27-Feb-18,0.101,19,0.4,686.514
A9,9:36:50,18/03/2018,27-Feb-18,0.075,19,0.4,1984.49
A69,9:36:50,18/03/2018,27-Feb-18,0.092,19,0.4,3551.84
A13,9:36:50,18/03/2018,27-Feb-18,0.105,19,0.4,1622.04
A37,9:36:50,18/03/2018,27-Feb-18,0.114,19,0.4,7181.27
A33,10:09:57,18/03/2018,27-Feb-18,0.082,19,0.42,1741.18
A71,10:09:57,18/03/2018,27-Feb-18,0.104,19,0.42,3416.72
A21,10:09:57,18/03/2018,27-Feb-18,0.099,19,0.42,5342.87
A79,10:09:57,18/03/2018,27-Feb-18,0.09,19,0.42,5290.55
A43,10:52:08,18/03/2018,27-Feb-18,0.082,19,0.45,1915.44
A45,10:52:08,18/03/2018,27-Feb-18,0.061,19,0.45,9186.65
A31,10:52:08,18/03/2018,27-Feb-18,0.069,19,0.45,6000.37
A1,10:52:08,18/03/2018,27-Feb-18,0.061,19,0.45,5230.97
A59,10:52:08,18/03/2018,27-Feb-18,0.077,19,0.45,8026.73
A3,11:27:44,18/03/2018,27-Feb-18,0.072,19,0.48,2075.19
A53,11:27:44,18/03/2018,27-Feb-18,0.073,19,0.48,5712.96
A55,11:27:44,18/03/2018,27-Feb-18,0.067,19,0.48,5707.67
A51,11:27:44,18/03/2018,27-Feb-18,0.104,19,0.48,2351.91
A25,11:27:44,18/03/2018,27-Feb-18,0.077,19,0.48,6292.22
A23,11:27:44,18/03/2018,27-Feb-18,0.08,19,0.48,1832.48
A19,12:03:23,18/03/2018,27-Feb-18,0.078,19,0.5,3799.84
A39,12:03:23,18/03/2018,27-Feb-18,0.066,19,0.5,6032.1
A73,12:03:23,18/03/2018,27-Feb-18,0.088,19,0.5,4971.1
A11,12:03:23,18/03/2018,27-Feb-18,0.081,19,0.5,1259.77
A47,12:03:23,18/03/2018,27-Feb-18,0.081,19,0.5,7631.33
A57,12:03:23,18/03/2018,27-Feb-18,0.08,19,0.5,6716.23
A75,12:03:23,18/03/2018,27-Feb-18,0.098,19,0.5,817.331
A7,12:43:04,18/03/2018,27-Feb-18,0.09,19,0.53,2699.08
A27,12:43:04,18/03/2018,27-Feb-18,0.109,19,0.53,877.447
A15,12:43:04,18/03/2018,27-Feb-18,0.049,19,0.53,5081.94
A67,12:43:04,18/03/2018,27-Feb-18,0.074,19,0.53,7347.82
A5,13:15:17,18/03/2018,27-Feb-18,0.071,19,0.55,2246.57
A41,13:15:17,18/03/2018,27-Feb-18,0.073,19,0.55,6614.2
A49,13:15:17,18/03/2018,27-Feb-18,0.095,19,0.55,5209.32
A17,13:15:17,18/03/2018,27-Feb-18,0.083,19,0.55,3662.61
A63,13:15:17,18/03/2018,27-Feb-18,0.073,19,0.55,4365.43
A35,13:15:17,18/03/2018,27-Feb-18,0.09,19,0.55,7392.05
A61,13:15:17,18/03/2018,27-Feb-18,0.085,19,0.55,5596.36
A39,9:13:53,19/03/2018,27-Feb-18,0.066,20,0.38,6396.09
A17,9:13:53,19/03/2018,27-Feb-18,0.083,20,0.38,4246.71
A49,9:13:53,19/03/2018,27-Feb-18,0.095,20,0.38,4272.3
A71,9:13:53,19/03/2018,27-Feb-18,0.104,20,0.38,4510.54
A33,9:13:53,19/03/2018,27-Feb-18,0.082,20,0.38,2376.14
A41,9:13:53,19/03/2018,27-Feb-18,0.073,20,0.38,6780.65
A25,9:58:39,19/03/2018,27-Feb-18,0.077,20,0.42,3713.33
A31,9:58:39,19/03/2018,27-Feb-18,0.069,20,0.42,4600.71
A67,9:58:39,19/03/2018,27-Feb-18,0.074,20,0.42,7717.2
A3,9:58:39,19/03/2018,27-Feb-18,0.072,20,0.42,4711.08
A15,9:58:39,19/03/2018,27-Feb-18,0.049,20,0.42,4941.77
A19,9:58:39,19/03/2018,27-Feb-18,0.078,20,0.42,6646.02
A75,10:32:53,19/03/2018,27-Feb-18,0.098,20,0.44,1812.25
A23,10:32:53,19/03/2018,27-Feb-18,0.08,20,0.44,2846.46
A61,10:32:53,19/03/2018,27-Feb-18,0.085,20,0.44,4872.26
A43,10:32:53,19/03/2018,27-Feb-18,0.082,20,0.44,2064.89
A69,11:06:51,19/03/2018,27-Feb-18,0.092,20,0.46,6551.11
A29,11:06:51,19/03/2018,27-Feb-18,0.101,20,0.46,1181.99
A5,11:06:51,19/03/2018,27-Feb-18,0.071,20,0.46,2039.75
A55,11:06:51,19/03/2018,27-Feb-18,0.067,20,0.46,5719.88
A27,11:06:51,19/03/2018,27-Feb-18,0.109,20,0.46,1389.09
A7,11:06:51,19/03/2018,27-Feb-18,0.09,20,0.46,2880.12
A35,11:06:51,19/03/2018,27-Feb-18,0.09,20,0.46,6754.69
A1,11:39:34,19/03/2018,27-Feb-18,0.061,20,0.49,5329.29
A47,11:39:34,19/03/2018,27-Feb-18,0.081,20,0.49,7394.66
A9,11:39:34,19/03/2018,27-Feb-18,0.075,20,0.49,2461.56
A73,11:39:34,19/03/2018,27-Feb-18,0.088,20,0.49,4172.62
A63,12:14:05,19/03/2018,27-Feb-18,0.073,20,0.51,4942.66
A65,12:14:05,19/03/2018,27-Feb-18,0.069,20,0.51,4454.09
A45,12:14:05,19/03/2018,27-Feb-18,0.061,20,0.51,7757.59
A57,12:14:05,19/03/2018,27-Feb-18,0.08,20,0.51,6758.11
A51,12:14:05,19/03/2018,27-Feb-18,0.104,20,0.51,1630.78
A37,12:14:05,19/03/2018,27-Feb-18,0.114,20,0.51,7117.46
A13,12:14:05,19/03/2018,27-Feb-18,0.105,20,0.51,2829.84
A79,12:45:26,19/03/2018,27-Feb-18,0.09,20,0.53,4039.66
A53,12:45:26,19/03/2018,27-Feb-18,0.073,20,0.53,6217.43
A21,12:45:26,19/03/2018,27-Feb-18,0.099,20,0.53,6627.81
A11,12:45:26,19/03/2018,27-Feb-18,0.081,20,0.53,1219.88
A59,12:45:26,19/03/2018,27-Feb-18,0.077,20,0.53,5883.36
B16,9:25:04,30/03/2018,23-Mar-18,0.089,7,0.39,1646.3
B24,9:25:04,30/03/2018,23-Mar-18,0.063,7,0.39,2103.2
B20,9:25:04,30/03/2018,23-Mar-18,0.085,7,0.39,3391.57
B64,9:25:04,30/03/2018,23-Mar-18,0.096,7,0.39,4814.61
B60,9:59:29,30/03/2018,23-Mar-18,0.086,7,0.42,3122.32
B50,9:59:29,30/03/2018,23-Mar-18,0.096,7,0.42,2201.45
B18,9:59:29,30/03/2018,23-Mar-18,0.066,7,0.42,7279.24
B56,9:59:29,30/03/2018,23-Mar-18,0.075,7,0.42,6593.63
B6,9:59:29,30/03/2018,23-Mar-18,0.104,7,0.42,2301.89
B54,9:59:29,30/03/2018,23-Mar-18,0.064,7,0.42,3153.47
B70,10:33:55,30/03/2018,23-Mar-18,0.066,7,0.44,3063.43
B28,10:33:55,30/03/2018,23-Mar-18,0.083,7,0.44,1356.37
B48,10:33:55,30/03/2018,23-Mar-18,0.114,7,0.44,2109.71
B2,10:33:55,30/03/2018,23-Mar-18,0.071,7,0.44,216.066
B14,10:33:55,30/03/2018,23-Mar-18,0.072,7,0.44,4434.89
B10,10:33:55,30/03/2018,23-Mar-18,0.095,7,0.44,3667.15
B76,10:33:55,30/03/2018,23-Mar-18,0.064,7,0.44,5243.78
B80,11:07:24,30/03/2018,23-Mar-18,0.067,7,0.46,2308.4
B4,11:07:24,30/03/2018,23-Mar-18,0.106,7,0.46,7841.51
B34,11:07:24,30/03/2018,23-Mar-18,0.078,7,0.46,1818.93
B12,11:07:24,30/03/2018,23-Mar-18,0.094,7,0.46,1143.45
B40,11:07:24,30/03/2018,23-Mar-18,0.099,7,0.46,632.054
B72,11:07:24,30/03/2018,23-Mar-18,0.079,7,0.46,7141.01
B26,11:07:24,30/03/2018,23-Mar-18,0.116,7,0.46,3172.62
B52,11:40:56,30/03/2018,23-Mar-18,0.096,7,0.49,6863.26
B22,11:40:56,30/03/2018,23-Mar-18,0.089,7,0.49,1214.56
B62,11:40:56,30/03/2018,23-Mar-18,0.067,7,0.49,8002.09
B30,11:40:56,30/03/2018,23-Mar-18,0.095,7,0.49,2645.9
B36,11:40:56,30/03/2018,23-Mar-18,0.093,7,0.49,4120.15
B58,11:40:56,30/03/2018,23-Mar-18,0.081,7,0.49,4626.73
B32,12:14:01,30/03/2018,23-Mar-18,0.091,7,0.51,298.136
B68,12:14:01,30/03/2018,23-Mar-18,0.075,7,0.51,5733.57
B38,12:14:01,30/03/2018,23-Mar-18,0.078,7,0.51,7700.07
B74,12:46:41,30/03/2018,23-Mar-18,0.08,7,0.53,6264.28
B42,12:46:41,30/03/2018,23-Mar-18,0.083,7,0.53,1249.41
B44,12:46:41,30/03/2018,23-Mar-18,0.062,7,0.53,6189.96
B78,12:46:41,30/03/2018,23-Mar-18,0.08,7,0.53,4830.54
B66,12:46:41,30/03/2018,23-Mar-18,0.081,7,0.53,2087.13
B46,12:46:41,30/03/2018,23-Mar-18,0.09,7,0.53,829.195
B8,12:46:41,30/03/2018,23-Mar-18,0.088,7,0.53,3462.98
B34,9:04:44,31/03/2018,23-Mar-18,0.078,8,0.38,1172.01
B30,9:04:44,31/03/2018,23-Mar-18,0.095,8,0.38,984.388
B4,9:04:44,31/03/2018,23-Mar-18,0.106,8,0.38,8343.52
B68,9:04:44,31/03/2018,23-Mar-18,0.075,8,0.38,2655.63
B48,9:04:44,31/03/2018,23-Mar-18,0.114,8,0.38,1948.49
B74,9:04:44,31/03/2018,23-Mar-18,0.08,8,0.38,5383.6
B18,9:40:52,31/03/2018,23-Mar-18,0.066,8,0.4,5442.71
B24,9:40:52,31/03/2018,23-Mar-18,0.063,8,0.4,1995.34
B58,9:40:52,31/03/2018,23-Mar-18,0.081,8,0.4,2308.69
B8,9:40:52,31/03/2018,23-Mar-18,0.088,8,0.4,3869.77
B32,9:40:52,31/03/2018,23-Mar-18,0.091,8,0.4,1435.38
B6,10:19:12,31/03/2018,23-Mar-18,0.104,8,0.43,2226.63
B80,10:19:12,31/03/2018,23-Mar-18,0.067,8,0.43,1859.96
B54,10:19:12,31/03/2018,23-Mar-18,0.064,8,0.43,2931.54
B60,10:19:12,31/03/2018,23-Mar-18,0.086,8,0.43,2684
B66,10:19:12,31/03/2018,23-Mar-18,0.081,8,0.43,3396.57
B2,10:19:12,31/03/2018,23-Mar-18,0.071,8,0.43,519.359
B46,10:52:00,31/03/2018,23-Mar-18,0.09,8,0.45,874.085
B72,10:52:00,31/03/2018,23-Mar-18,0.079,8,0.45,7874.28
B64,10:52:00,31/03/2018,23-Mar-18,0.096,8,0.45,5799.73
B56,10:52:00,31/03/2018,23-Mar-18,0.075,8,0.45,8174.65
B14,10:52:00,31/03/2018,23-Mar-18,0.072,8,0.45,3862.06
B22,10:52:00,31/03/2018,23-Mar-18,0.089,8,0.45,1631.2
B50,11:25:32,31/03/2018,23-Mar-18,0.096,8,0.48,1449.25
B16,11:25:32,31/03/2018,23-Mar-18,0.089,8,0.48,2141.82
B28,11:25:32,31/03/2018,23-Mar-18,0.083,8,0.48,3320.64
B78,11:25:32,31/03/2018,23-Mar-18,0.08,8,0.48,5052.79
B52,11:25:32,31/03/2018,23-Mar-18,0.096,8,0.48,4009.21
B38,11:25:32,31/03/2018,23-Mar-18,0.078,8,0.48,6439.32
B42,12:03:09,31/03/2018,23-Mar-18,0.083,8,0.5,830.087
B36,12:03:09,31/03/2018,23-Mar-18,0.093,8,0.5,6250.23
B12,12:03:09,31/03/2018,23-Mar-18,0.094,8,0.5,918.66
B10,12:03:09,31/03/2018,23-Mar-18,0.095,8,0.5,4358.56
B76,12:03:09,31/03/2018,23-Mar-18,0.064,8,0.5,2858.5
B40,12:37:01,31/03/2018,23-Mar-18,0.099,8,0.53,1289.58
B70,12:37:01,31/03/2018,23-Mar-18,0.066,8,0.53,4001.2
B62,12:37:01,31/03/2018,23-Mar-18,0.067,8,0.53,6210.86
B26,12:37:01,31/03/2018,23-Mar-18,0.116,8,0.53,1557.73
B44,12:37:01,31/03/2018,23-Mar-18,0.062,8,0.53,5707.08
B20,12:37:01,31/03/2018,23-Mar-18,0.085,8,0.53,6384.48
B28,8:18:36,1/04/2018,23-Mar-18,0.083,9,0.387916667,1271.06
B72,8:18:36,1/04/2018,23-Mar-18,0.079,9,0.387916667,6583.84
B36,8:18:36,1/04/2018,23-Mar-18,0.093,9,0.387916667,5177.53
B44,8:18:36,1/04/2018,23-Mar-18,0.062,9,0.387916667,5561.63
B14,8:18:36,1/04/2018,23-Mar-18,0.072,9,0.387916667,3568.6
B46,8:18:36,1/04/2018,23-Mar-18,0.09,9,0.387916667,753.037
B26,8:18:36,1/04/2018,23-Mar-18,0.116,9,0.387916667,1760.68
B64,8:53:23,1/04/2018,23-Mar-18,0.096,9,0.412071759,4664.43
B76,8:53:23,1/04/2018,23-Mar-18,0.064,9,0.412071759,4378.84
B30,8:53:23,1/04/2018,23-Mar-18,0.095,9,0.412071759,1561.06
B58,8:53:23,1/04/2018,23-Mar-18,0.081,9,0.412071759,2182.42
B18,8:53:23,1/04/2018,23-Mar-18,0.066,9,0.412071759,6151.7
B74,8:53:23,1/04/2018,23-Mar-18,0.08,9,0.412071759,3980.57
B38,8:53:23,1/04/2018,23-Mar-18,0.078,9,0.412071759,6490.47
B80,9:30:40,1/04/2018,23-Mar-18,0.067,9,0.437962963,2139.66
B10,9:30:40,1/04/2018,23-Mar-18,0.095,9,0.437962963,3995.01
B22,9:30:40,1/04/2018,23-Mar-18,0.089,9,0.437962963,1247.75
B40,9:30:40,1/04/2018,23-Mar-18,0.099,9,0.437962963,445.946
B24,9:30:40,1/04/2018,23-Mar-18,0.063,9,0.437962963,3509
B34,9:30:40,1/04/2018,23-Mar-18,0.078,9,0.437962963,1547.46
B66,10:05:42,1/04/2018,23-Mar-18,0.081,9,0.462291667,2975.17
B42,10:05:42,1/04/2018,23-Mar-18,0.083,9,0.462291667,1449.44
B2,10:05:42,1/04/2018,23-Mar-18,0.071,9,0.462291667,574.201
B48,10:05:42,1/04/2018,23-Mar-18,0.114,9,0.462291667,2748.02
B60,10:38:31,1/04/2018,23-Mar-18,0.086,9,0.485081019,2236.67
B54,10:38:31,1/04/2018,23-Mar-18,0.064,9,0.485081019,3231.36
B20,10:38:31,1/04/2018,23-Mar-18,0.085,9,0.485081019,6622.66
B4,10:38:31,1/04/2018,23-Mar-18,0.106,9,0.485081019,8581.85
B6,10:38:31,1/04/2018,23-Mar-18,0.104,9,0.485081019,2082.17
B8,10:38:31,1/04/2018,23-Mar-18,0.088,9,0.485081019,2759.73
B16,10:38:31,1/04/2018,23-Mar-18,0.089,9,0.485081019,5146.46
B68,11:18:38,1/04/2018,23-Mar-18,0.075,9,0.512939815,3602.35
B62,11:18:38,1/04/2018,23-Mar-18,0.067,9,0.512939815,4395.28
B52,11:18:38,1/04/2018,23-Mar-18,0.096,9,0.512939815,3396.04
B50,11:18:38,1/04/2018,23-Mar-18,0.096,9,0.512939815,1151.76
B32,11:18:38,1/04/2018,23-Mar-18,0.091,9,0.512939815,2613.87
B78,11:18:38,1/04/2018,23-Mar-18,0.08,9,0.512939815,2969.44
B70,12:00:14,1/04/2018,23-Mar-18,0.066,9,0.541828704,2605.08
B12,12:00:14,1/04/2018,23-Mar-18,0.094,9,0.541828704,1279.64
B56,12:00:14,1/04/2018,23-Mar-18,0.075,9,0.541828704,6824.85
B56,8:17:16,2/04/2018,23-Mar-18,0.075,10,0.386990741,7381.62
B20,8:17:16,2/04/2018,23-Mar-18,0.085,10,0.386990741,3543.51
B80,8:17:16,2/04/2018,23-Mar-18,0.067,10,0.386990741,2460.75
B10,8:17:16,2/04/2018,23-Mar-18,0.095,10,0.386990741,4130.64
B2,8:17:16,2/04/2018,23-Mar-18,0.071,10,0.386990741,1130.83
B4,8:17:16,2/04/2018,23-Mar-18,0.106,10,0.386990741,7738.38
B58,8:17:16,2/04/2018,23-Mar-18,0.081,10,0.386990741,2793.18
B50,8:17:16,2/04/2018,23-Mar-18,0.096,10,0.386990741,1040.83
B76,8:50:33,2/04/2018,23-Mar-18,0.064,10,0.410104167,3879.68
B24,8:50:33,2/04/2018,23-Mar-18,0.063,10,0.410104167,3185.37
B44,8:50:33,2/04/2018,23-Mar-18,0.062,10,0.410104167,5130.72
B36,8:50:33,2/04/2018,23-Mar-18,0.093,10,0.410104167,6475.96
B18,8:50:33,2/04/2018,23-Mar-18,0.066,10,0.410104167,4716.16
B6,9:25:28,2/04/2018,23-Mar-18,0.104,10,0.434351852,1579.66
B74,9:25:28,2/04/2018,23-Mar-18,0.08,10,0.434351852,5032.84
B42,9:25:28,2/04/2018,23-Mar-18,0.083,10,0.434351852,773.144
B14,9:25:28,2/04/2018,23-Mar-18,0.072,10,0.434351852,4706.13
B34,9:25:28,2/04/2018,23-Mar-18,0.078,10,0.434351852,2170.34
B12,9:25:28,2/04/2018,23-Mar-18,0.094,10,0.434351852,1468.13
B22,9:25:28,2/04/2018,23-Mar-18,0.089,10,0.434351852,1616.7
B72,10:00:22,2/04/2018,23-Mar-18,0.079,10,0.458587963,5165.48
B48,10:00:22,2/04/2018,23-Mar-18,0.114,10,0.458587963,2281.19
B8,10:00:22,2/04/2018,23-Mar-18,0.088,10,0.458587963,2647.23
B26,10:00:22,2/04/2018,23-Mar-18,0.116,10,0.458587963,1628.56
B30,10:00:22,2/04/2018,23-Mar-18,0.095,10,0.458587963,2181.86
B54,10:00:22,2/04/2018,23-Mar-18,0.064,10,0.458587963,2455.09
B66,10:31:50,2/04/2018,23-Mar-18,0.081,10,0.480439815,3256.77
B64,10:31:50,2/04/2018,23-Mar-18,0.096,10,0.480439815,3771.41
B60,10:31:50,2/04/2018,23-Mar-18,0.086,10,0.480439815,1389.67
B40,10:31:50,2/04/2018,23-Mar-18,0.099,10,0.480439815,573.873
B16,10:31:50,2/04/2018,23-Mar-18,0.089,10,0.480439815,4541.78
B70,10:31:50,2/04/2018,23-Mar-18,0.066,10,0.480439815,5310.43
B62,11:14:51,2/04/2018,23-Mar-18,0.067,10,0.5103125,5108.1
B28,11:14:51,2/04/2018,23-Mar-18,0.083,10,0.5103125,1237.46
B68,11:14:51,2/04/2018,23-Mar-18,0.075,10,0.5103125,2049.96
B78,11:14:51,2/04/2018,23-Mar-18,0.08,10,0.5103125,3056.43
B32,11:14:51,2/04/2018,23-Mar-18,0.091,10,0.5103125,1523.4
B38,11:47:19,2/04/2018,23-Mar-18,0.078,10,0.532858796,6295.11
B52,11:47:19,2/04/2018,23-Mar-18,0.096,10,0.532858796,4084.68
B46,11:47:19,2/04/2018,23-Mar-18,0.09,10,0.532858796,1611.87
B32,8:08:00,3/04/2018,23-Mar-18,0.091,11,0.380555556,4416.76
B38,8:08:00,3/04/2018,23-Mar-18,0.078,11,0.380555556,5794.56
B80,8:08:00,3/04/2018,23-Mar-18,0.067,11,0.380555556,3724.86
B34,8:08:00,3/04/2018,23-Mar-18,0.078,11,0.380555556,1979.71
B78,8:08:00,3/04/2018,23-Mar-18,0.08,11,0.380555556,4399.79
B30,8:08:00,3/04/2018,23-Mar-18,0.095,11,0.380555556,1013.67
B22,8:08:00,3/04/2018,23-Mar-18,0.089,11,0.380555556,1509.67
B16,8:40:20,3/04/2018,23-Mar-18,0.089,11,0.403009259,4780.32
B58,8:40:20,3/04/2018,23-Mar-18,0.081,11,0.403009259,2586.82
B28,8:40:20,3/04/2018,23-Mar-18,0.083,11,0.403009259,1217.44
B60,8:40:20,3/04/2018,23-Mar-18,0.086,11,0.403009259,2032.1
B36,8:40:20,3/04/2018,23-Mar-18,0.093,11,0.403009259,5791.8
B66,9:12:42,3/04/2018,23-Mar-18,0.081,11,0.425486111,3295.98
B48,9:12:42,3/04/2018,23-Mar-18,0.114,11,0.425486111,2322.07
B6,9:12:42,3/04/2018,23-Mar-18,0.104,11,0.425486111,3095.14
B26,9:12:42,3/04/2018,23-Mar-18,0.116,11,0.425486111,1501.25
B62,9:12:42,3/04/2018,23-Mar-18,0.067,11,0.425486111,5107.88
B20,9:46:23,3/04/2018,23-Mar-18,0.085,11,0.448877315,5553.48
B14,9:46:23,3/04/2018,23-Mar-18,0.072,11,0.448877315,3468.98
B42,9:46:23,3/04/2018,23-Mar-18,0.083,11,0.448877315,759.476
B68,9:46:23,3/04/2018,23-Mar-18,0.075,11,0.448877315,3199.37
B12,9:46:23,3/04/2018,23-Mar-18,0.094,11,0.448877315,1145.95
B72,9:46:23,3/04/2018,23-Mar-18,0.079,11,0.448877315,4796
B44,9:46:23,3/04/2018,23-Mar-18,0.062,11,0.448877315,5411.29
B70,9:46:23,3/04/2018,23-Mar-18,0.066,11,0.448877315,5321.23
B52,10:20:44,3/04/2018,23-Mar-18,0.096,11,0.472731481,6488.01
B54,10:20:44,3/04/2018,23-Mar-18,0.064,11,0.472731481,2360.75
B8,10:20:44,3/04/2018,23-Mar-18,0.088,11,0.472731481,3991.27
B10,10:20:44,3/04/2018,23-Mar-18,0.095,11,0.472731481,3689.54
B74,10:20:44,3/04/2018,23-Mar-18,0.08,11,0.472731481,5090.55
B50,10:57:28,3/04/2018,23-Mar-18,0.096,11,0.498240741,1564.73
B40,10:57:28,3/04/2018,23-Mar-18,0.099,11,0.498240741,341.568
B46,10:57:28,3/04/2018,23-Mar-18,0.09,11,0.498240741,1427.71
B24,10:57:28,3/04/2018,23-Mar-18,0.063,11,0.498240741,1757.66
B64,10:57:28,3/04/2018,23-Mar-18,0.096,11,0.498240741,2744.39
B2,10:57:28,3/04/2018,23-Mar-18,0.071,11,0.498240741,540.637
B56,10:57:28,3/04/2018,23-Mar-18,0.075,11,0.498240741,8419.5
B76,11:29:25,3/04/2018,23-Mar-18,0.064,11,0.520428241,4084.02
B18,11:29:25,3/04/2018,23-Mar-18,0.066,11,0.520428241,6160.4
B4,11:29:25,3/04/2018,23-Mar-18,0.106,11,0.520428241,8508.72
B28,8:23:28,4/04/2018,23-Mar-18,0.083,12,0.391296296,1923.5
B38,8:23:28,4/04/2018,23-Mar-18,0.078,12,0.391296296,6560.73
B16,8:23:28,4/04/2018,23-Mar-18,0.089,12,0.391296296,4715.09
B36,8:23:28,4/04/2018,23-Mar-18,0.093,12,0.391296296,5793.23
B8,8:23:28,4/04/2018,23-Mar-18,0.088,12,0.391296296,2198.48
B58,8:23:28,4/04/2018,23-Mar-18,0.081,12,0.391296296,6430.38
B60,8:23:28,4/04/2018,23-Mar-18,0.086,12,0.391296296,5902.31
B32,8:23:28,4/04/2018,23-Mar-18,0.091,12,0.391296296,3361.33
B48,9:00:11,4/04/2018,23-Mar-18,0.114,12,0.416793981,1916.19
B18,9:00:11,4/04/2018,23-Mar-18,0.066,12,0.416793981,5469.76
B30,9:00:11,4/04/2018,23-Mar-18,0.095,12,0.416793981,1390.34
B76,9:00:11,4/04/2018,23-Mar-18,0.064,12,0.416793981,5395.8
B10,9:00:11,4/04/2018,23-Mar-18,0.095,12,0.416793981,2386.35
B70,9:00:11,4/04/2018,23-Mar-18,0.066,12,0.416793981,6183.5
B68,9:33:28,4/04/2018,23-Mar-18,0.075,12,0.439907407,3820.98
B72,9:33:28,4/04/2018,23-Mar-18,0.079,12,0.439907407,5574.95
B24,9:33:28,4/04/2018,23-Mar-18,0.063,12,0.439907407,2319.54
B52,9:33:28,4/04/2018,23-Mar-18,0.096,12,0.439907407,5584.98
B4,9:33:28,4/04/2018,23-Mar-18,0.106,12,0.439907407,6221.08
B6,9:33:28,4/04/2018,23-Mar-18,0.104,12,0.439907407,3386.52
B74,9:33:28,4/04/2018,23-Mar-18,0.08,12,0.439907407,5199.12
B20,10:07:04,4/04/2018,23-Mar-18,0.085,12,0.463240741,7788.55
B34,10:07:04,4/04/2018,23-Mar-18,0.078,12,0.463240741,1879.96
B54,10:07:04,4/04/2018,23-Mar-18,0.064,12,0.463240741,2055.89
B64,10:07:04,4/04/2018,23-Mar-18,0.096,12,0.463240741,2053.2
B26,10:07:04,4/04/2018,23-Mar-18,0.116,12,0.463240741,1564.32
B66,10:07:04,4/04/2018,23-Mar-18,0.081,12,0.463240741,4246.05
B2,10:07:04,4/04/2018,23-Mar-18,0.071,12,0.463240741,1076.95
B40,10:39:42,4/04/2018,23-Mar-18,0.099,12,0.485902778,577.897
B22,10:39:42,4/04/2018,23-Mar-18,0.089,12,0.485902778,1394.6
B56,10:39:42,4/04/2018,23-Mar-18,0.075,12,0.485902778,7091.9
B50,10:39:42,4/04/2018,23-Mar-18,0.096,12,0.485902778,2202.72
B44,11:13:33,4/04/2018,23-Mar-18,0.062,12,0.509409722,4089.62
B78,11:13:33,4/04/2018,23-Mar-18,0.08,12,0.509409722,4443.69
B42,11:47:08,4/04/2018,23-Mar-18,0.083,12,0.532731481,1428.2
B14,11:47:08,4/04/2018,23-Mar-18,0.072,12,0.532731481,4837.78
B12,11:47:08,4/04/2018,23-Mar-18,0.094,12,0.532731481,1251.44
B46,11:47:08,4/04/2018,23-Mar-18,0.09,12,0.532731481,1718.83
B62,11:47:08,4/04/2018,23-Mar-18,0.067,12,0.532731481,5059.96
B80,11:47:08,4/04/2018,23-Mar-18,0.067,12,0.532731481,4270.55
B54,7:57:31,5/04/2018,23-Mar-18,0.064,13,0.373275463,1240.37
B48,7:57:31,5/04/2018,23-Mar-18,0.114,13,0.373275463,1513.53
B12,7:57:31,5/04/2018,23-Mar-18,0.094,13,0.373275463,1133.44
B22,7:57:31,5/04/2018,23-Mar-18,0.089,13,0.373275463,1386.32
B26,7:57:31,5/04/2018,23-Mar-18,0.116,13,0.373275463,1911.5
B44,7:57:31,5/04/2018,23-Mar-18,0.062,13,0.373275463,4155.42
B36,7:57:31,5/04/2018,23-Mar-18,0.093,13,0.373275463,6194.44
B38,8:30:47,5/04/2018,23-Mar-18,0.078,13,0.396377315,7420.02
B42,8:30:47,5/04/2018,23-Mar-18,0.083,13,0.396377315,1172
B52,8:30:47,5/04/2018,23-Mar-18,0.096,13,0.396377315,4971.08
B68,8:30:47,5/04/2018,23-Mar-18,0.075,13,0.396377315,4208.98
B20,8:30:47,5/04/2018,23-Mar-18,0.085,13,0.396377315,8840.58
B60,9:06:24,5/04/2018,23-Mar-18,0.086,13,0.421111111,5753.47
B66,9:06:24,5/04/2018,23-Mar-18,0.081,13,0.421111111,4038.05
B40,9:06:24,5/04/2018,23-Mar-18,0.099,13,0.421111111,415.219
B78,9:06:24,5/04/2018,23-Mar-18,0.08,13,0.421111111,4936.74
B80,9:41:25,5/04/2018,23-Mar-18,0.067,13,0.445428241,6442.56
B46,9:41:25,5/04/2018,23-Mar-18,0.09,13,0.445428241,886.538
B8,9:41:25,5/04/2018,23-Mar-18,0.088,13,0.445428241,3118.52
B32,9:41:25,5/04/2018,23-Mar-18,0.091,13,0.445428241,5260.54
B34,9:41:25,5/04/2018,23-Mar-18,0.078,13,0.445428241,1668.34
B2,9:41:25,5/04/2018,23-Mar-18,0.071,13,0.445428241,1061.91
B70,10:15:32,5/04/2018,23-Mar-18,0.066,13,0.46912037,5691.25
B56,10:15:32,5/04/2018,23-Mar-18,0.075,13,0.46912037,6851.56
B76,10:15:32,5/04/2018,23-Mar-18,0.064,13,0.46912037,6120.67
B10,10:15:32,5/04/2018,23-Mar-18,0.095,13,0.46912037,3075.41
B4,10:15:32,5/04/2018,23-Mar-18,0.106,13,0.46912037,7025.95
B6,10:15:32,5/04/2018,23-Mar-18,0.104,13,0.46912037,3640.63
B24,10:15:32,5/04/2018,23-Mar-18,0.063,13,0.46912037,4948.88
B72,11:00:58,5/04/2018,23-Mar-18,0.079,13,0.500671296,6326.99
B16,11:00:58,5/04/2018,23-Mar-18,0.089,13,0.500671296,4937.94
B64,11:00:58,5/04/2018,23-Mar-18,0.096,13,0.500671296,1923.42
B14,11:00:58,5/04/2018,23-Mar-18,0.072,13,0.500671296,4913.23
B74,11:00:58,5/04/2018,23-Mar-18,0.08,13,0.500671296,5693.16
B18,11:31:58,5/04/2018,23-Mar-18,0.066,13,0.522199074,4826.28
B58,11:31:58,5/04/2018,23-Mar-18,0.081,13,0.522199074,6914.98
B30,11:31:58,5/04/2018,23-Mar-18,0.095,13,0.522199074,855.457
B62,11:31:58,5/04/2018,23-Mar-18,0.067,13,0.522199074,6219.48
B28,11:31:58,5/04/2018,23-Mar-18,0.083,13,0.522199074,4813.12
B50,11:31:58,5/04/2018,23-Mar-18,0.096,13,0.522199074,1397.35
B8,8:30:43,6/04/2018,23-Mar-18,0.088,14,0.396331019,2580.85
B50,8:30:43,6/04/2018,23-Mar-18,0.096,14,0.396331019,850.327
B52,8:30:43,6/04/2018,23-Mar-18,0.096,14,0.396331019,4572.42
B62,8:30:43,6/04/2018,23-Mar-18,0.067,14,0.396331019,5108.85
B66,8:30:43,6/04/2018,23-Mar-18,0.081,14,0.396331019,5606.34
B78,8:30:43,6/04/2018,23-Mar-18,0.08,14,0.396331019,4075.54
B54,8:30:43,6/04/2018,23-Mar-18,0.064,14,0.396331019,3728.85
B34,8:30:43,6/04/2018,23-Mar-18,0.078,14,0.396331019,2560.33
B2,8:30:43,6/04/2018,23-Mar-18,0.071,14,0.396331019,1132.21
B24,8:30:43,6/04/2018,23-Mar-18,0.063,14,0.396331019,3419.07
B58,9:06:04,6/04/2018,23-Mar-18,0.081,14,0.42087963,5645.42
B28,9:06:04,6/04/2018,23-Mar-18,0.083,14,0.42087963,4698.63
B70,9:06:04,6/04/2018,23-Mar-18,0.066,14,0.42087963,6411.44
B40,9:45:27,6/04/2018,23-Mar-18,0.099,14,0.448229167,751.767
B56,9:45:27,6/04/2018,23-Mar-18,0.075,14,0.448229167,7078.01
B74,9:45:27,6/04/2018,23-Mar-18,0.08,14,0.448229167,6869.95
B14,9:45:27,6/04/2018,23-Mar-18,0.072,14,0.448229167,5687.37
B32,10:17:32,6/04/2018,23-Mar-18,0.091,14,0.470509259,6960.27
B38,10:17:32,6/04/2018,23-Mar-18,0.078,14,0.470509259,6995.03
B20,10:17:32,6/04/2018,23-Mar-18,0.085,14,0.470509259,6446.91
B48,10:17:32,6/04/2018,23-Mar-18,0.114,14,0.470509259,2038.28
B36,10:17:32,6/04/2018,23-Mar-18,0.093,14,0.470509259,5746.44
B30,10:52:17,6/04/2018,23-Mar-18,0.095,14,0.494641204,862.677
B46,10:52:17,6/04/2018,23-Mar-18,0.09,14,0.494641204,3324.32
B68,10:52:17,6/04/2018,23-Mar-18,0.075,14,0.494641204,6104.18
B60,10:52:17,6/04/2018,23-Mar-18,0.086,14,0.494641204,6466.88
B12,10:52:17,6/04/2018,23-Mar-18,0.094,14,0.494641204,1367.73
B44,10:52:17,6/04/2018,23-Mar-18,0.062,14,0.494641204,5754.11
B76,11:23:46,6/04/2018,23-Mar-18,0.064,14,0.51650463,3782.76
B72,11:23:46,6/04/2018,23-Mar-18,0.079,14,0.51650463,3617.41
B26,11:23:46,6/04/2018,23-Mar-18,0.116,14,0.51650463,1523.21
B22,11:23:46,6/04/2018,23-Mar-18,0.089,14,0.51650463,1045.76
B80,11:23:46,6/04/2018,23-Mar-18,0.067,14,0.51650463,6655.3
B4,11:23:46,6/04/2018,23-Mar-18,0.106,14,0.51650463,7350.7
B16,11:23:46,6/04/2018,23-Mar-18,0.089,14,0.51650463,6165.21
B6,12:04:26,6/04/2018,23-Mar-18,0.104,14,0.54474537,1492.69
B42,12:04:26,6/04/2018,23-Mar-18,0.083,14,0.54474537,982.853
B64,12:04:26,6/04/2018,23-Mar-18,0.096,14,0.54474537,2703.2
B18,12:04:26,6/04/2018,23-Mar-18,0.066,14,0.54474537,4399.56
B10,12:04:26,6/04/2018,23-Mar-18,0.095,14,0.54474537,2320.75
B22,8:31:22,8/04/2018,23-Mar-18,0.089,16,0.396782407,1140.49
B38,8:31:22,8/04/2018,23-Mar-18,0.078,16,0.396782407,6312.06
B54,8:31:22,8/04/2018,23-Mar-18,0.064,16,0.396782407,2036.77
B44,8:31:22,8/04/2018,23-Mar-18,0.062,16,0.396782407,5966.54
B12,8:31:22,8/04/2018,23-Mar-18,0.094,16,0.396782407,1622.3
B46,9:03:56,8/04/2018,23-Mar-18,0.09,16,0.419398148,1201.82
B24,9:03:56,8/04/2018,23-Mar-18,0.063,16,0.419398148,4855.62
B4,9:03:56,8/04/2018,23-Mar-18,0.106,16,0.419398148,7584.6
B50,9:03:56,8/04/2018,23-Mar-18,0.096,16,0.419398148,1318.14
B58,9:03:56,8/04/2018,23-Mar-18,0.081,16,0.419398148,6432.51
B34,9:03:56,8/04/2018,23-Mar-18,0.078,16,0.419398148,2936.27
B36,9:03:56,8/04/2018,23-Mar-18,0.093,16,0.419398148,7998.74
B78,9:38:50,8/04/2018,23-Mar-18,0.08,16,0.443634259,4314.85
B40,9:38:50,8/04/2018,23-Mar-18,0.099,16,0.443634259,474.202
B74,9:38:50,8/04/2018,23-Mar-18,0.08,16,0.443634259,6612.3
B48,9:38:50,8/04/2018,23-Mar-18,0.114,16,0.443634259,2650.13
B62,9:38:50,8/04/2018,23-Mar-18,0.067,16,0.443634259,5328.26
B32,9:38:50,8/04/2018,23-Mar-18,0.091,16,0.443634259,5407.66
B8,9:38:50,8/04/2018,23-Mar-18,0.088,16,0.443634259,2579.11
B20,9:38:50,8/04/2018,23-Mar-18,0.085,16,0.443634259,10238.8
B76,10:16:37,8/04/2018,23-Mar-18,0.064,16,0.469872685,5579.53
B42,10:16:37,8/04/2018,23-Mar-18,0.083,16,0.469872685,1661.3
B66,10:16:37,8/04/2018,23-Mar-18,0.081,16,0.469872685,4358.34
B64,10:16:37,8/04/2018,23-Mar-18,0.096,16,0.469872685,2420.03
B30,10:16:37,8/04/2018,23-Mar-18,0.095,16,0.469872685,5234.4
B16,10:16:37,8/04/2018,23-Mar-18,0.089,16,0.469872685,4237.74
B60,10:50:58,8/04/2018,23-Mar-18,0.086,16,0.493726852,6823.42
B72,10:50:58,8/04/2018,23-Mar-18,0.079,16,0.493726852,5528.95
B70,10:50:58,8/04/2018,23-Mar-18,0.066,16,0.493726852,4139.71
B6,10:50:58,8/04/2018,23-Mar-18,0.104,16,0.493726852,4707.48
B68,10:50:58,8/04/2018,23-Mar-18,0.075,16,0.493726852,3951.72
B10,10:50:58,8/04/2018,23-Mar-18,0.095,16,0.493726852,2053.02
B18,10:50:58,8/04/2018,23-Mar-18,0.066,16,0.493726852,5800.66
B56,11:27:44,8/04/2018,23-Mar-18,0.075,16,0.519259259,7973.68
B14,11:27:44,8/04/2018,23-Mar-18,0.072,16,0.519259259,5732.68
B2,11:27:44,8/04/2018,23-Mar-18,0.071,16,0.519259259,790.566
B28,12:01:35,8/04/2018,23-Mar-18,0.083,16,0.542766204,4215.63
B80,12:01:35,8/04/2018,23-Mar-18,0.067,16,0.542766204,4309.17
B26,12:01:35,8/04/2018,23-Mar-18,0.116,16,0.542766204,2163.52
B52,12:01:35,8/04/2018,23-Mar-18,0.096,16,0.542766204,1132.29
B78,8:17:56,9/04/2018,23-Mar-18,0.08,17,0.387453704,3469.34
B22,8:17:56,9/04/2018,23-Mar-18,0.089,17,0.387453704,1645.43
B54,8:17:56,9/04/2018,23-Mar-18,0.064,17,0.387453704,1752.2
B24,8:17:56,9/04/2018,23-Mar-18,0.063,17,0.387453704,4107.03
B20,8:17:56,9/04/2018,23-Mar-18,0.085,17,0.387453704,9090.47
B12,8:50:35,9/04/2018,23-Mar-18,0.094,17,0.410127315,1597.25
B26,8:50:35,9/04/2018,23-Mar-18,0.116,17,0.410127315,1441.14
B64,8:50:35,9/04/2018,23-Mar-18,0.096,17,0.410127315,2384.65
B4,8:50:35,9/04/2018,23-Mar-18,0.106,17,0.410127315,6541.65
B30,8:50:35,9/04/2018,23-Mar-18,0.095,17,0.410127315,3804.38
B80,8:50:35,9/04/2018,23-Mar-18,0.067,17,0.410127315,7020.03
B2,8:50:35,9/04/2018,23-Mar-18,0.071,17,0.410127315,1370.66
B76,9:23:15,9/04/2018,23-Mar-18,0.064,17,0.4328125,4323.58
B68,9:23:15,9/04/2018,23-Mar-18,0.075,17,0.4328125,3979.17
B56,9:23:15,9/04/2018,23-Mar-18,0.075,17,0.4328125,6990.74
B62,9:23:15,9/04/2018,23-Mar-18,0.067,17,0.4328125,7187.35
B72,9:23:15,9/04/2018,23-Mar-18,0.079,17,0.4328125,6061.93
B28,9:23:15,9/04/2018,23-Mar-18,0.083,17,0.4328125,3986.44
B42,10:00:20,9/04/2018,23-Mar-18,0.083,17,0.458564815,1576.08
B34,10:00:20,9/04/2018,23-Mar-18,0.078,17,0.458564815,4007.34
B10,10:00:20,9/04/2018,23-Mar-18,0.095,17,0.458564815,2055.28
B38,10:00:20,9/04/2018,23-Mar-18,0.078,17,0.458564815,6689.25
B40,10:00:20,9/04/2018,23-Mar-18,0.099,17,0.458564815,1049.24
B44,10:00:20,9/04/2018,23-Mar-18,0.062,17,0.458564815,5789.74
B70,10:00:20,9/04/2018,23-Mar-18,0.066,17,0.458564815,4691.89
B58,10:00:20,9/04/2018,23-Mar-18,0.081,17,0.458564815,6949.56
B66,10:00:20,9/04/2018,23-Mar-18,0.081,17,0.458564815,3699.63
B60,10:32:32,9/04/2018,23-Mar-18,0.086,17,0.480925926,7506.93
B52,10:32:32,9/04/2018,23-Mar-18,0.096,17,0.480925926,2081.52
B36,10:32:32,9/04/2018,23-Mar-18,0.093,17,0.480925926,6997.16
B74,10:32:32,9/04/2018,23-Mar-18,0.08,17,0.480925926,6136.06
B50,11:12:13,9/04/2018,23-Mar-18,0.096,17,0.508483796,1408.65
B6,11:12:13,9/04/2018,23-Mar-18,0.104,17,0.508483796,4224.82
B14,11:12:13,9/04/2018,23-Mar-18,0.072,17,0.508483796,4950.37
B48,11:44:16,9/04/2018,23-Mar-18,0.114,17,0.530740741,1479.73
B46,11:44:16,9/04/2018,23-Mar-18,0.09,17,0.530740741,2114.42
B18,11:44:16,9/04/2018,23-Mar-18,0.066,17,0.530740741,5956.38
B8,11:44:16,9/04/2018,23-Mar-18,0.088,17,0.530740741,4313.06
B32,11:44:16,9/04/2018,23-Mar-18,0.091,17,0.530740741,3213.68
B16,11:44:16,9/04/2018,23-Mar-18,0.089,17,0.530740741,5963.99
B20,8:20:22,10/04/2018,23-Mar-18,0.085,18,0.389143519,5682.75
B44,8:20:22,10/04/2018,23-Mar-18,0.062,18,0.389143519,5554.53
B28,8:20:22,10/04/2018,23-Mar-18,0.083,18,0.389143519,5340.41
B8,8:20:22,10/04/2018,23-Mar-18,0.088,18,0.389143519,3335
B26,8:20:22,10/04/2018,23-Mar-18,0.116,18,0.389143519,1372.93
B30,8:20:22,10/04/2018,23-Mar-18,0.095,18,0.389143519,5856.2
B74,8:53:04,10/04/2018,23-Mar-18,0.08,18,0.411851852,5183.04
B48,8:53:04,10/04/2018,23-Mar-18,0.114,18,0.411851852,1393.36
B40,8:53:04,10/04/2018,23-Mar-18,0.099,18,0.411851852,563.405
B56,8:53:04,10/04/2018,23-Mar-18,0.075,18,0.411851852,7483.46
B60,8:53:04,10/04/2018,23-Mar-18,0.086,18,0.411851852,7110.58
B54,8:53:04,10/04/2018,23-Mar-18,0.064,18,0.411851852,4126.03
B24,8:53:04,10/04/2018,23-Mar-18,0.063,18,0.411851852,5190.51
B66,8:53:04,10/04/2018,23-Mar-18,0.081,18,0.411851852,5869.82
B10,9:27:22,10/04/2018,23-Mar-18,0.095,18,0.435671296,2814.66
B70,9:27:22,10/04/2018,23-Mar-18,0.066,18,0.435671296,5056.88
B78,9:27:22,10/04/2018,23-Mar-18,0.08,18,0.435671296,4200.33
B52,9:27:22,10/04/2018,23-Mar-18,0.096,18,0.435671296,1580.9
B32,9:27:22,10/04/2018,23-Mar-18,0.091,18,0.435671296,5722.85
B42,9:27:22,10/04/2018,23-Mar-18,0.083,18,0.435671296,1890.72
B4,9:27:22,10/04/2018,23-Mar-18,0.106,18,0.435671296,7237.11
B46,10:02:58,10/04/2018,23-Mar-18,0.09,18,0.460393519,1059.52
B6,10:02:58,10/04/2018,23-Mar-18,0.104,18,0.460393519,5884.33
B22,10:02:58,10/04/2018,23-Mar-18,0.089,18,0.460393519,2765.17
B72,10:36:57,10/04/2018,23-Mar-18,0.079,18,0.483993056,6127.99
B12,10:36:57,10/04/2018,23-Mar-18,0.094,18,0.483993056,1423.52
B58,10:36:57,10/04/2018,23-Mar-18,0.081,18,0.483993056,6318.18
B14,10:36:57,10/04/2018,23-Mar-18,0.072,18,0.483993056,5225.65
B36,10:36:57,10/04/2018,23-Mar-18,0.093,18,0.483993056,5353.48
B68,11:10:28,10/04/2018,23-Mar-18,0.075,18,0.507268519,3992.54
B80,11:10:28,10/04/2018,23-Mar-18,0.067,18,0.507268519,7381.61
B64,11:10:28,10/04/2018,23-Mar-18,0.096,18,0.507268519,2308.58
B50,11:10:28,10/04/2018,23-Mar-18,0.096,18,0.507268519,3441.26
B34,11:42:43,10/04/2018,23-Mar-18,0.078,18,0.529664352,5777.3
B62,11:42:43,10/04/2018,23-Mar-18,0.067,18,0.529664352,5146.58
B76,11:42:43,10/04/2018,23-Mar-18,0.064,18,0.529664352,5917.67
B2,11:42:43,10/04/2018,23-Mar-18,0.071,18,0.529664352,632.306
B18,11:42:43,10/04/2018,23-Mar-18,0.066,18,0.529664352,6290.43
B16,11:42:43,10/04/2018,23-Mar-18,0.089,18,0.529664352,5549.2
B38,11:42:43,10/04/2018,23-Mar-18,0.078,18,0.529664352,8101.62
B68,8:26:07,11/04/2018,23-Mar-18,0.075,19,0.393136574,3995.55
B6,8:26:07,11/04/2018,23-Mar-18,0.104,19,0.393136574,3542.48
B74,8:26:07,11/04/2018,23-Mar-18,0.08,19,0.393136574,5779.45
B42,8:26:07,11/04/2018,23-Mar-18,0.083,19,0.393136574,1529.37
B48,8:26:07,11/04/2018,23-Mar-18,0.114,19,0.393136574,1530.81
B20,9:03:45,11/04/2018,23-Mar-18,0.085,19,0.419270833,7062.06
B56,9:03:45,11/04/2018,23-Mar-18,0.075,19,0.419270833,8236.14
B50,9:03:45,11/04/2018,23-Mar-18,0.096,19,0.419270833,4007.92
B62,9:03:45,11/04/2018,23-Mar-18,0.067,19,0.419270833,6749.81
B66,9:03:45,11/04/2018,23-Mar-18,0.081,19,0.419270833,7576.52
B70,9:03:45,11/04/2018,23-Mar-18,0.066,19,0.419270833,5263.47
B12,9:03:45,11/04/2018,23-Mar-18,0.094,19,0.419270833,2150.41
B76,9:03:45,11/04/2018,23-Mar-18,0.064,19,0.419270833,5586.21
B30,9:03:45,11/04/2018,23-Mar-18,0.095,19,0.419270833,5714.15
B38,9:03:45,11/04/2018,23-Mar-18,0.078,19,0.419270833,8071.13
B36,9:38:33,11/04/2018,23-Mar-18,0.093,19,0.4434375,6167.34
B46,9:38:33,11/04/2018,23-Mar-18,0.09,19,0.4434375,1188.05
B2,9:38:33,11/04/2018,23-Mar-18,0.071,19,0.4434375,798.785
B22,9:38:33,11/04/2018,23-Mar-18,0.089,19,0.4434375,3077.96
B18,9:38:33,11/04/2018,23-Mar-18,0.066,19,0.4434375,5533.84
B60,9:38:33,11/04/2018,23-Mar-18,0.086,19,0.4434375,7385.93
B34,9:38:33,11/04/2018,23-Mar-18,0.078,19,0.4434375,3160.03
B58,10:10:30,11/04/2018,23-Mar-18,0.081,19,0.465625,6766.64
B32,10:10:30,11/04/2018,23-Mar-18,0.091,19,0.465625,5908.09
B44,10:10:30,11/04/2018,23-Mar-18,0.062,19,0.465625,6454.39
B80,10:10:30,11/04/2018,23-Mar-18,0.067,19,0.465625,5085.53
B24,10:10:30,11/04/2018,23-Mar-18,0.063,19,0.465625,6478.33
B28,10:10:30,11/04/2018,23-Mar-18,0.083,19,0.465625,4373.48
B10,10:10:30,11/04/2018,23-Mar-18,0.095,19,0.465625,2257.74
B16,10:42:34,11/04/2018,23-Mar-18,0.089,19,0.487893519,4631.8
B8,10:42:34,11/04/2018,23-Mar-18,0.088,19,0.487893519,3922.97
B26,11:16:52,11/04/2018,23-Mar-18,0.116,19,0.511712963,2531.52
B78,11:16:52,11/04/2018,23-Mar-18,0.08,19,0.511712963,3559.62
B14,11:16:52,11/04/2018,23-Mar-18,0.072,19,0.511712963,4107.16
B54,11:16:52,11/04/2018,23-Mar-18,0.064,19,0.511712963,4882.63
B52,11:16:52,11/04/2018,23-Mar-18,0.096,19,0.511712963,3028.65
B72,11:58:15,11/04/2018,23-Mar-18,0.079,19,0.540451389,4307.14
B4,11:58:15,11/04/2018,23-Mar-18,0.106,19,0.540451389,7463.59
B64,11:58:15,11/04/2018,23-Mar-18,0.096,19,0.540451389,2715.75
B40,11:58:15,11/04/2018,23-Mar-18,0.099,19,0.540451389,1142.83
B12,8:16:18,12/04/2018,23-Mar-18,0.094,20,0.386319444,1753.12
B80,8:16:18,12/04/2018,23-Mar-18,0.067,20,0.386319444,4499.58
B62,8:51:42,12/04/2018,23-Mar-18,0.067,20,0.410902778,5862.61
B18,8:51:42,12/04/2018,23-Mar-18,0.066,20,0.410902778,6164.41
B30,8:51:42,12/04/2018,23-Mar-18,0.095,20,0.410902778,4458.78
B48,8:51:42,12/04/2018,23-Mar-18,0.114,20,0.410902778,1707.83
B44,8:51:42,12/04/2018,23-Mar-18,0.062,20,0.410902778,6022.79
B70,8:51:42,12/04/2018,23-Mar-18,0.066,20,0.410902778,4682.78
B42,8:51:42,12/04/2018,23-Mar-18,0.083,20,0.410902778,6461.08
B2,9:25:35,12/04/2018,23-Mar-18,0.071,20,0.43443287,991.656
B28,9:25:35,12/04/2018,23-Mar-18,0.083,20,0.43443287,4364.34
B68,9:25:35,12/04/2018,23-Mar-18,0.075,20,0.43443287,4293.92
B74,9:25:35,12/04/2018,23-Mar-18,0.08,20,0.43443287,4963.12
B56,9:58:48,12/04/2018,23-Mar-18,0.075,20,0.4575,5515.69
B24,9:58:48,12/04/2018,23-Mar-18,0.063,20,0.4575,6336.88
B36,9:58:48,12/04/2018,23-Mar-18,0.093,20,0.4575,5791.28
B40,9:58:48,12/04/2018,23-Mar-18,0.099,20,0.4575,645.627
B78,9:58:48,12/04/2018,23-Mar-18,0.08,20,0.4575,3152.08
B26,9:58:48,12/04/2018,23-Mar-18,0.116,20,0.4575,2683.86
B64,10:31:44,12/04/2018,23-Mar-18,0.096,20,0.48037037,1764.45
B66,10:31:44,12/04/2018,23-Mar-18,0.081,20,0.48037037,7935.43
B8,10:31:44,12/04/2018,23-Mar-18,0.088,20,0.48037037,2722.75
B34,10:31:44,12/04/2018,23-Mar-18,0.078,20,0.48037037,4598.09
B14,10:31:44,12/04/2018,23-Mar-18,0.072,20,0.48037037,6083.58
B72,10:31:44,12/04/2018,23-Mar-18,0.079,20,0.48037037,4484.53
B6,11:05:29,12/04/2018,23-Mar-18,0.104,20,0.50380787,1670.59
B22,11:05:29,12/04/2018,23-Mar-18,0.089,20,0.50380787,2875.63
B54,11:05:29,12/04/2018,23-Mar-18,0.064,20,0.50380787,3632.2
B46,11:05:29,12/04/2018,23-Mar-18,0.09,20,0.50380787,2774.01
B10,11:05:29,12/04/2018,23-Mar-18,0.095,20,0.50380787,3311.62
B52,11:05:29,12/04/2018,23-Mar-18,0.096,20,0.50380787,5676.89
B76,11:05:29,12/04/2018,23-Mar-18,0.064,20,0.50380787,5688.68
B20,11:05:29,12/04/2018,23-Mar-18,0.085,20,0.50380787,11833.9
B38,11:39:24,12/04/2018,23-Mar-18,0.078,20,0.527361111,6791.56
B16,11:39:24,12/04/2018,23-Mar-18,0.089,20,0.527361111,4242.07
B50,11:39:24,12/04/2018,23-Mar-18,0.096,20,0.527361111,1623.54
B60,11:39:24,12/04/2018,23-Mar-18,0.086,20,0.527361111,6800.8
B4,11:39:24,12/04/2018,23-Mar-18,0.106,20,0.527361111,5336.26
B32,11:39:24,12/04/2018,23-Mar-18,0.091,20,0.527361111,6158.52
B58,11:39:24,12/04/2018,23-Mar-18,0.081,20,0.527361111,7165.86
C49,9:02:43,24/04/2018,17-Apr-18,0.061,7,0.38,7367.24
C5,9:02:43,24/04/2018,17-Apr-18,0.067,7,0.38,5265.28
C35,9:02:43,24/04/2018,17-Apr-18,0.052,7,0.38,4859.91
C37,9:02:43,24/04/2018,17-Apr-18,0.087,7,0.38,2111.58
C23,9:02:43,24/04/2018,17-Apr-18,0.081,7,0.38,2803.65
C9,9:02:43,24/04/2018,17-Apr-18,0.066,7,0.38,1230.65
C69,9:36:19,24/04/2018,17-Apr-18,0.074,7,0.4,5838.08
C45,9:36:19,24/04/2018,17-Apr-18,0.05,7,0.4,4098.15
C65,9:36:19,24/04/2018,17-Apr-18,0.071,7,0.4,3646.86
C55,9:36:19,24/04/2018,17-Apr-18,0.072,7,0.4,4606.29
C33,9:36:19,24/04/2018,17-Apr-18,0.08,7,0.4,5583.5
C63,9:36:19,24/04/2018,17-Apr-18,0.081,7,0.4,7418.23
C73,9:36:19,24/04/2018,17-Apr-18,0.082,7,0.4,2650.78
C51,9:36:19,24/04/2018,17-Apr-18,0.104,7,0.4,9037.05
C39,10:10:32,24/04/2018,17-Apr-18,0.071,7,0.42,7123.22
C47,10:10:32,24/04/2018,17-Apr-18,0.081,7,0.42,1773.17
C43,10:10:32,24/04/2018,17-Apr-18,0.064,7,0.42,2003.06
C19,10:10:32,24/04/2018,17-Apr-18,0.075,7,0.42,1648.43
C21,10:43:45,24/04/2018,17-Apr-18,0.096,7,0.45,1891.46
C67,10:43:45,24/04/2018,17-Apr-18,0.074,7,0.45,2246.04
C57,10:43:45,24/04/2018,17-Apr-18,0.1,7,0.45,2333.85
C1,10:43:45,24/04/2018,17-Apr-18,0.07,7,0.45,3157.97
C11,11:24:44,24/04/2018,17-Apr-18,0.066,7,0.48,3778.12
C41,11:24:44,24/04/2018,17-Apr-18,0.062,7,0.48,2249.53
C31,11:24:44,24/04/2018,17-Apr-18,0.076,7,0.48,7478.87
C27,11:24:44,24/04/2018,17-Apr-18,0.094,7,0.48,4406.5
C13,11:24:44,24/04/2018,17-Apr-18,0.079,7,0.48,4673.4
C15,11:24:44,24/04/2018,17-Apr-18,0.097,7,0.48,4468.71
C71,11:24:44,24/04/2018,17-Apr-18,0.062,7,0.48,5297.93
C59,12:04:17,24/04/2018,17-Apr-18,0.065,7,0.5,5913.77
C53,12:04:17,24/04/2018,17-Apr-18,0.075,7,0.5,7316.78
C17,12:04:17,24/04/2018,17-Apr-18,0.083,7,0.5,3797.78
C25,12:04:17,24/04/2018,17-Apr-18,0.084,7,0.5,863.548
C77,12:04:17,24/04/2018,17-Apr-18,0.077,7,0.5,3081.54
C79,12:04:17,24/04/2018,17-Apr-18,0.084,7,0.5,2229.85
C29,12:04:17,24/04/2018,17-Apr-18,0.095,7,0.5,2686.4
C7,12:42:22,24/04/2018,17-Apr-18,0.122,7,0.53,2139.6
C75,12:42:22,24/04/2018,17-Apr-18,0.068,7,0.53,5213.65
C61,12:42:22,24/04/2018,17-Apr-18,0.075,7,0.53,2664.59
C3,12:42:22,24/04/2018,17-Apr-18,0.091,7,0.53,3874.63
C39,9:01:20,25/04/2018,17-Apr-18,0.071,8,0.38,6721.35
C11,9:01:20,25/04/2018,17-Apr-18,0.066,8,0.38,2550.87
C63,9:01:20,25/04/2018,17-Apr-18,0.081,8,0.38,7685
C55,9:01:20,25/04/2018,17-Apr-18,0.072,8,0.38,3834
C19,9:36:00,25/04/2018,17-Apr-18,0.075,8,0.4,4041.48
C31,9:36:00,25/04/2018,17-Apr-18,0.076,8,0.4,5415.32
C35,9:36:00,25/04/2018,17-Apr-18,0.052,8,0.4,4457.39
C1,9:36:00,25/04/2018,17-Apr-18,0.07,8,0.4,4067.44
C9,9:36:00,25/04/2018,17-Apr-18,0.066,8,0.4,2114.45
C53,10:15:50,25/04/2018,17-Apr-18,0.075,8,0.43,4021.27
C21,10:15:50,25/04/2018,17-Apr-18,0.096,8,0.43,1191.6
C3,10:15:50,25/04/2018,17-Apr-18,0.091,8,0.43,991.997
C57,10:15:50,25/04/2018,17-Apr-18,0.1,8,0.43,2069.23
C73,10:15:50,25/04/2018,17-Apr-18,0.082,8,0.43,3139.01
C33,10:15:50,25/04/2018,17-Apr-18,0.08,8,0.43,3821.78
C79,10:15:50,25/04/2018,17-Apr-18,0.084,8,0.43,2392.17
C41,10:48:27,25/04/2018,17-Apr-18,0.062,8,0.45,3221.17
C25,10:48:27,25/04/2018,17-Apr-18,0.084,8,0.45,888.27
C61,10:48:27,25/04/2018,17-Apr-18,0.075,8,0.45,2231.18
C59,10:48:27,25/04/2018,17-Apr-18,0.065,8,0.45,5066.71
C43,10:48:27,25/04/2018,17-Apr-18,0.064,8,0.45,993.926
C69,11:21:02,25/04/2018,17-Apr-18,0.074,8,0.47,6121.4
C51,11:21:02,25/04/2018,17-Apr-18,0.104,8,0.47,6279.62
C23,11:21:02,25/04/2018,17-Apr-18,0.081,8,0.47,2513.59
C71,11:21:02,25/04/2018,17-Apr-18,0.062,8,0.47,5029.21
C15,11:21:02,25/04/2018,17-Apr-18,0.097,8,0.47,3676.69
C7,11:57:20,25/04/2018,17-Apr-18,0.122,8,0.5,1033.22
C77,11:57:20,25/04/2018,17-Apr-18,0.077,8,0.5,905.217
C13,11:57:20,25/04/2018,17-Apr-18,0.079,8,0.5,4625.48
C49,11:57:20,25/04/2018,17-Apr-18,0.061,8,0.5,6644.02
C37,11:57:20,25/04/2018,17-Apr-18,0.087,8,0.5,2607.1
C17,12:44:22,25/04/2018,17-Apr-18,0.083,8,0.53,5186.58
C47,12:44:22,25/04/2018,17-Apr-18,0.081,8,0.53,1241.66
C67,12:44:22,25/04/2018,17-Apr-18,0.074,8,0.53,2014.58
C65,12:44:22,25/04/2018,17-Apr-18,0.071,8,0.53,2951.36
C29,12:44:22,25/04/2018,17-Apr-18,0.095,8,0.53,2071.46
C45,12:44:22,25/04/2018,17-Apr-18,0.05,8,0.53,3103.72
C5,12:44:22,25/04/2018,17-Apr-18,0.067,8,0.53,2454.04
C75,12:44:22,25/04/2018,17-Apr-18,0.068,8,0.53,3242
C27,13:14:52,25/04/2018,17-Apr-18,0.094,8,0.55,3827.98
C73,9:01:59,26/04/2018,17-Apr-18,0.082,9,0.38,2492.26
C77,9:01:59,26/04/2018,17-Apr-18,0.077,9,0.38,742.599
C75,9:01:59,26/04/2018,17-Apr-18,0.068,9,0.38,3594.37
C19,9:01:59,26/04/2018,17-Apr-18,0.075,9,0.38,5732.1
C37,9:01:59,26/04/2018,17-Apr-18,0.087,9,0.38,1571
C15,9:01:59,26/04/2018,17-Apr-18,0.097,9,0.38,3794.99
C79,9:01:59,26/04/2018,17-Apr-18,0.084,9,0.38,1884.84
C45,9:34:48,26/04/2018,17-Apr-18,0.05,9,0.4,2219.33
C9,9:34:48,26/04/2018,17-Apr-18,0.066,9,0.4,1520.06
C39,9:34:48,26/04/2018,17-Apr-18,0.071,9,0.4,6269.03
C53,9:34:48,26/04/2018,17-Apr-18,0.075,9,0.4,3143.31
C33,9:34:48,26/04/2018,17-Apr-18,0.08,9,0.4,3144.09
C43,9:34:48,26/04/2018,17-Apr-18,0.064,9,0.4,846.232
C7,9:34:48,26/04/2018,17-Apr-18,0.122,9,0.4,1055.36
C61,10:09:23,26/04/2018,17-Apr-18,0.075,9,0.42,1840.61
C5,10:09:23,26/04/2018,17-Apr-18,0.067,9,0.42,3666.77
C65,10:09:23,26/04/2018,17-Apr-18,0.071,9,0.42,2904.95
C25,10:09:23,26/04/2018,17-Apr-18,0.084,9,0.42,991.826
C55,10:09:23,26/04/2018,17-Apr-18,0.072,9,0.42,4854.55
C31,10:09:23,26/04/2018,17-Apr-18,0.076,9,0.42,5005.11
C71,10:09:23,26/04/2018,17-Apr-18,0.062,9,0.42,4817.9
C29,10:09:23,26/04/2018,17-Apr-18,0.095,9,0.42,2425.57
C41,10:47:14,26/04/2018,17-Apr-18,0.062,9,0.45,888.97
C67,10:47:14,26/04/2018,17-Apr-18,0.074,9,0.45,1208.56
C13,10:47:14,26/04/2018,17-Apr-18,0.079,9,0.45,5818.54
C51,10:47:14,26/04/2018,17-Apr-18,0.104,9,0.45,7520.69
C21,11:21:15,26/04/2018,17-Apr-18,0.096,9,0.47,1597.1
C23,11:21:15,26/04/2018,17-Apr-18,0.081,9,0.47,1443.12
C17,11:21:15,26/04/2018,17-Apr-18,0.083,9,0.47,3482.68
C3,11:21:15,26/04/2018,17-Apr-18,0.091,9,0.47,1250.06
C49,11:21:15,26/04/2018,17-Apr-18,0.061,9,0.47,5731.66
C63,11:53:43,26/04/2018,17-Apr-18,0.081,9,0.5,5145.16
C27,11:53:43,26/04/2018,17-Apr-18,0.094,9,0.5,3883.65
C59,11:53:43,26/04/2018,17-Apr-18,0.065,9,0.5,4340.7
C69,12:26:14,26/04/2018,17-Apr-18,0.074,9,0.52,3633.71
C11,12:26:14,26/04/2018,17-Apr-18,0.066,9,0.52,2392.9
C1,12:26:14,26/04/2018,17-Apr-18,0.07,9,0.52,5889.04
C57,12:26:14,26/04/2018,17-Apr-18,0.1,9,0.52,1729.91
C35,12:26:14,26/04/2018,17-Apr-18,0.052,9,0.52,4556.24
C47,12:26:14,26/04/2018,17-Apr-18,0.081,9,0.52,1915.19
C29,9:15:31,27/04/2018,17-Apr-18,0.095,10,0.39,1789.65
C59,9:15:31,27/04/2018,17-Apr-18,0.065,10,0.39,4982.7
C39,9:15:31,27/04/2018,17-Apr-18,0.071,10,0.39,5840.25
C77,9:15:31,27/04/2018,17-Apr-18,0.077,10,0.39,1192.58
C19,9:50:04,27/04/2018,17-Apr-18,0.075,10,0.41,4044.12
C65,9:50:04,27/04/2018,17-Apr-18,0.071,10,0.41,2855.35
C69,9:50:04,27/04/2018,17-Apr-18,0.074,10,0.41,5572.71
C79,9:50:04,27/04/2018,17-Apr-18,0.084,10,0.41,2665.49
C43,9:50:04,27/04/2018,17-Apr-18,0.064,10,0.41,472.391
C1,9:50:04,27/04/2018,17-Apr-18,0.07,10,0.41,5843.89
C7,10:22:35,27/04/2018,17-Apr-18,0.122,10,0.43,989.91
C61,10:22:35,27/04/2018,17-Apr-18,0.075,10,0.43,1475.3
C49,10:22:35,27/04/2018,17-Apr-18,0.061,10,0.43,5560.28
C27,10:22:35,27/04/2018,17-Apr-18,0.094,10,0.43,4802.16
C3,10:22:35,27/04/2018,17-Apr-18,0.091,10,0.43,1151.75
C41,10:22:35,27/04/2018,17-Apr-18,0.062,10,0.43,964.654
C73,10:22:35,27/04/2018,17-Apr-18,0.082,10,0.43,4118.02
C71,10:22:35,27/04/2018,17-Apr-18,0.062,10,0.43,4418.17
C15,10:22:35,27/04/2018,17-Apr-18,0.097,10,0.43,5003.93
C23,10:57:52,27/04/2018,17-Apr-18,0.081,10,0.46,2012.7
C47,10:57:52,27/04/2018,17-Apr-18,0.081,10,0.46,941.786
C51,10:57:52,27/04/2018,17-Apr-18,0.104,10,0.46,8343.08
C55,10:57:52,27/04/2018,17-Apr-18,0.072,10,0.46,4524.51
C63,10:57:52,27/04/2018,17-Apr-18,0.081,10,0.46,5617.1
C31,10:57:52,27/04/2018,17-Apr-18,0.076,10,0.46,5093.08
C37,10:57:52,27/04/2018,17-Apr-18,0.087,10,0.46,5347.88
C75,11:32:19,27/04/2018,17-Apr-18,0.068,10,0.48,2046.01
C5,11:32:19,27/04/2018,17-Apr-18,0.067,10,0.48,3200.86
C11,11:32:19,27/04/2018,17-Apr-18,0.066,10,0.48,1927.06
C45,11:32:19,27/04/2018,17-Apr-18,0.05,10,0.48,3342.52
C57,11:32:19,27/04/2018,17-Apr-18,0.1,10,0.48,2312.14
C25,11:32:19,27/04/2018,17-Apr-18,0.084,10,0.48,978.774
C33,12:10:02,27/04/2018,17-Apr-18,0.08,10,0.51,5446.78
C17,12:10:02,27/04/2018,17-Apr-18,0.083,10,0.51,2865.1
C9,12:10:02,27/04/2018,17-Apr-18,0.066,10,0.51,2154.39
C21,12:10:02,27/04/2018,17-Apr-18,0.096,10,0.51,1367.32
C13,12:40:10,27/04/2018,17-Apr-18,0.079,10,0.53,4775.02
C35,12:40:10,27/04/2018,17-Apr-18,0.052,10,0.53,5257.67
C67,12:40:10,27/04/2018,17-Apr-18,0.074,10,0.53,1566.99
C53,12:40:10,27/04/2018,17-Apr-18,0.075,10,0.53,3353.16
C37,9:02:27,28/04/2018,17-Apr-18,0.087,11,0.38,2634.78
C9,9:02:27,28/04/2018,17-Apr-18,0.066,11,0.38,989.233
C43,9:02:27,28/04/2018,17-Apr-18,0.064,11,0.38,378.338
C77,9:02:27,28/04/2018,17-Apr-18,0.077,11,0.38,784.487
C11,9:02:27,28/04/2018,17-Apr-18,0.066,11,0.38,1580.83
C21,9:34:52,28/04/2018,17-Apr-18,0.096,11,0.4,795.923
C57,9:34:52,28/04/2018,17-Apr-18,0.1,11,0.4,2240.2
C27,9:34:52,28/04/2018,17-Apr-18,0.094,11,0.4,2973.07
C15,9:34:52,28/04/2018,17-Apr-18,0.097,11,0.4,5076.53
C53,9:34:52,28/04/2018,17-Apr-18,0.075,11,0.4,3805.63
C31,10:06:32,28/04/2018,17-Apr-18,0.076,11,0.42,4023.1
C55,10:06:32,28/04/2018,17-Apr-18,0.072,11,0.42,3212.21
C65,10:06:32,28/04/2018,17-Apr-18,0.071,11,0.42,2904.62
C47,10:06:32,28/04/2018,17-Apr-18,0.081,11,0.42,1900.46
C23,10:06:32,28/04/2018,17-Apr-18,0.081,11,0.42,1945.82
C51,10:06:32,28/04/2018,17-Apr-18,0.104,11,0.42,6393.67
C45,10:06:32,28/04/2018,17-Apr-18,0.05,11,0.42,1618.08
C33,10:06:32,28/04/2018,17-Apr-18,0.08,11,0.42,5677.74
C41,10:41:54,28/04/2018,17-Apr-18,0.062,11,0.45,1091.96
C1,10:41:54,28/04/2018,17-Apr-18,0.07,11,0.45,5639.51
C19,10:41:54,28/04/2018,17-Apr-18,0.075,11,0.45,4677.19
C29,10:41:54,28/04/2018,17-Apr-18,0.095,11,0.45,2369.98
C73,10:41:54,28/04/2018,17-Apr-18,0.082,11,0.45,4169.71
C35,10:41:54,28/04/2018,17-Apr-18,0.052,11,0.45,5748.68
C63,11:12:32,28/04/2018,17-Apr-18,0.081,11,0.47,7154.04
C25,11:12:32,28/04/2018,17-Apr-18,0.084,11,0.47,952.357
C7,11:12:32,28/04/2018,17-Apr-18,0.122,11,0.47,1677.44
C71,11:45:51,28/04/2018,17-Apr-18,0.062,11,0.49,3956.72
C3,11:45:51,28/04/2018,17-Apr-18,0.091,11,0.49,1713.14
C5,11:45:51,28/04/2018,17-Apr-18,0.067,11,0.49,3389.61
C49,11:45:51,28/04/2018,17-Apr-18,0.061,11,0.49,4769.17
C13,11:45:51,28/04/2018,17-Apr-18,0.079,11,0.49,3490.3
C39,11:45:51,28/04/2018,17-Apr-18,0.071,11,0.49,6293.48
C69,12:16:47,28/04/2018,17-Apr-18,0.074,11,0.51,5093.03
C67,12:16:47,28/04/2018,17-Apr-18,0.074,11,0.51,1667.91
C75,12:16:47,28/04/2018,17-Apr-18,0.068,11,0.51,1963.16
C59,12:16:47,28/04/2018,17-Apr-18,0.065,11,0.51,4340.89
C61,12:16:47,28/04/2018,17-Apr-18,0.075,11,0.51,2583.46
C17,12:16:47,28/04/2018,17-Apr-18,0.083,11,0.51,4015.45
C79,12:16:47,28/04/2018,17-Apr-18,0.084,11,0.51,3047.17
C43,9:07:10,29/04/2018,17-Apr-18,0.064,12,0.38,603.308
C37,9:07:10,29/04/2018,17-Apr-18,0.087,12,0.38,1710.17
C13,9:07:10,29/04/2018,17-Apr-18,0.079,12,0.38,3428.83
C61,9:07:10,29/04/2018,17-Apr-18,0.075,12,0.38,1399.24
C25,9:38:46,29/04/2018,17-Apr-18,0.084,12,0.4,718.58
C15,9:38:46,29/04/2018,17-Apr-18,0.097,12,0.4,3364.41
C47,9:38:46,29/04/2018,17-Apr-18,0.081,12,0.4,1608.23
C35,9:38:46,29/04/2018,17-Apr-18,0.052,12,0.4,4748.84
C59,9:38:46,29/04/2018,17-Apr-18,0.065,12,0.4,5480.95
C33,9:38:46,29/04/2018,17-Apr-18,0.08,12,0.4,5659.07
C11,10:12:15,29/04/2018,17-Apr-18,0.066,12,0.43,1670.35
C65,10:12:15,29/04/2018,17-Apr-18,0.071,12,0.43,2293.29
C7,10:12:15,29/04/2018,17-Apr-18,0.122,12,0.43,1459.82
C1,10:12:15,29/04/2018,17-Apr-18,0.07,12,0.43,6574.42
C75,10:44:22,29/04/2018,17-Apr-18,0.068,12,0.45,4499.14
C41,10:44:22,29/04/2018,17-Apr-18,0.062,12,0.45,1064.77
C55,10:44:22,29/04/2018,17-Apr-18,0.072,12,0.45,3425.46
C63,10:44:22,29/04/2018,17-Apr-18,0.081,12,0.45,4134.86
C5,10:44:22,29/04/2018,17-Apr-18,0.067,12,0.45,2959.7
C49,10:44:22,29/04/2018,17-Apr-18,0.061,12,0.45,3841.7
C79,11:17:53,29/04/2018,17-Apr-18,0.084,12,0.47,1939.39
C57,11:17:53,29/04/2018,17-Apr-18,0.1,12,0.47,1859.95
C9,11:17:53,29/04/2018,17-Apr-18,0.066,12,0.47,1716.97
C77,11:17:53,29/04/2018,17-Apr-18,0.077,12,0.47,1139.34
C71,11:17:53,29/04/2018,17-Apr-18,0.062,12,0.47,5634.48
C39,11:17:53,29/04/2018,17-Apr-18,0.071,12,0.47,5722.18
C31,11:17:53,29/04/2018,17-Apr-18,0.076,12,0.47,3711.14
C53,11:17:53,29/04/2018,17-Apr-18,0.075,12,0.47,2611.41
C3,11:51:07,29/04/2018,17-Apr-18,0.091,12,0.49,1557.76
C27,11:51:07,29/04/2018,17-Apr-18,0.094,12,0.49,2225.11
C23,11:51:07,29/04/2018,17-Apr-18,0.081,12,0.49,2123.93
C17,12:26:27,29/04/2018,17-Apr-18,0.083,12,0.52,5473.37
C51,12:26:27,29/04/2018,17-Apr-18,0.104,12,0.52,6056.35
C29,12:26:27,29/04/2018,17-Apr-18,0.095,12,0.52,3545.77
C69,12:26:27,29/04/2018,17-Apr-18,0.074,12,0.52,3934.14
C19,12:26:27,29/04/2018,17-Apr-18,0.075,12,0.52,1470.72
C45,12:26:27,29/04/2018,17-Apr-18,0.05,12,0.52,1547.05
C67,12:26:27,29/04/2018,17-Apr-18,0.074,12,0.52,1684.7
C73,12:26:27,29/04/2018,17-Apr-18,0.082,12,0.52,4999.36
C21,12:26:27,29/04/2018,17-Apr-18,0.096,12,0.52,992.11
C37,9:16:02,30/04/2018,17-Apr-18,0.087,13,0.39,1806.27
C5,9:16:02,30/04/2018,17-Apr-18,0.067,13,0.39,2519.3
C69,9:16:02,30/04/2018,17-Apr-18,0.074,13,0.39,4778.11
C47,9:16:02,30/04/2018,17-Apr-18,0.081,13,0.39,1183.01
C27,9:16:02,30/04/2018,17-Apr-18,0.094,13,0.39,2576.36
C77,9:16:02,30/04/2018,17-Apr-18,0.077,13,0.39,1199.32
C51,9:16:02,30/04/2018,17-Apr-18,0.104,13,0.39,6353.89
C15,9:50:43,30/04/2018,17-Apr-18,0.097,13,0.41,3685.52
C23,9:50:43,30/04/2018,17-Apr-18,0.081,13,0.41,2032.3
C19,9:50:43,30/04/2018,17-Apr-18,0.075,13,0.41,2125.69
C55,9:50:43,30/04/2018,17-Apr-18,0.072,13,0.41,4006.69
C9,9:50:43,30/04/2018,17-Apr-18,0.066,13,0.41,3614.52
C49,10:24:00,30/04/2018,17-Apr-18,0.061,13,0.43,2988.41
C43,10:24:00,30/04/2018,17-Apr-18,0.064,13,0.43,430.104
C73,10:24:00,30/04/2018,17-Apr-18,0.082,13,0.43,4683.05
C65,10:24:00,30/04/2018,17-Apr-18,0.071,13,0.43,3052.49
C29,10:24:00,30/04/2018,17-Apr-18,0.095,13,0.43,2009.49
C45,10:24:00,30/04/2018,17-Apr-18,0.05,13,0.43,2106.07
C61,10:24:00,30/04/2018,17-Apr-18,0.075,13,0.43,1801.15
C39,10:24:00,30/04/2018,17-Apr-18,0.071,13,0.43,4791.04
C33,11:01:06,30/04/2018,17-Apr-18,0.08,13,0.46,5231.63
C17,11:01:06,30/04/2018,17-Apr-18,0.083,13,0.46,3691.66
C67,11:33:59,30/04/2018,17-Apr-18,0.074,13,0.48,924.501
C35,11:33:59,30/04/2018,17-Apr-18,0.052,13,0.48,3697.32
C7,11:33:59,30/04/2018,17-Apr-18,0.122,13,0.48,1040.02
C1,11:33:59,30/04/2018,17-Apr-18,0.07,13,0.48,7222.3
C11,11:33:59,30/04/2018,17-Apr-18,0.066,13,0.48,1671.08
C71,11:33:59,30/04/2018,17-Apr-18,0.062,13,0.48,4807.09
C41,11:33:59,30/04/2018,17-Apr-18,0.062,13,0.48,717.833
C3,12:08:41,30/04/2018,17-Apr-18,0.091,13,0.51,1298.33
C25,12:08:41,30/04/2018,17-Apr-18,0.084,13,0.51,966.225
C21,12:08:41,30/04/2018,17-Apr-18,0.096,13,0.51,1058.77
C59,12:08:41,30/04/2018,17-Apr-18,0.065,13,0.51,4647.2
C57,12:08:41,30/04/2018,17-Apr-18,0.1,13,0.51,1956.36
C75,12:08:41,30/04/2018,17-Apr-18,0.068,13,0.51,4871.76
C79,12:08:41,30/04/2018,17-Apr-18,0.084,13,0.51,2486.01
C53,12:41:28,30/04/2018,17-Apr-18,0.075,13,0.53,6318.76
C31,12:41:28,30/04/2018,17-Apr-18,0.076,13,0.53,5096.71
C13,12:41:28,30/04/2018,17-Apr-18,0.079,13,0.53,2931.16
C63,12:41:28,30/04/2018,17-Apr-18,0.081,13,0.53,5250.32
C43,9:17:59,1/05/2018,17-Apr-18,0.064,14,0.39,566.168
C11,9:17:59,1/05/2018,17-Apr-18,0.066,14,0.39,5553.44
C23,9:17:59,1/05/2018,17-Apr-18,0.081,14,0.39,1652.61
C63,9:17:59,1/05/2018,17-Apr-18,0.081,14,0.39,5723.52
C47,9:17:59,1/05/2018,17-Apr-18,0.081,14,0.39,1444.79
C35,9:17:59,1/05/2018,17-Apr-18,0.052,14,0.39,4233.38
C73,9:50:40,1/05/2018,17-Apr-18,0.082,14,0.41,4054.8
C1,9:50:40,1/05/2018,17-Apr-18,0.07,14,0.41,6196.16
C3,9:50:40,1/05/2018,17-Apr-18,0.091,14,0.41,3197.91
C9,9:50:40,1/05/2018,17-Apr-18,0.066,14,0.41,3135.47
C27,9:50:40,1/05/2018,17-Apr-18,0.094,14,0.41,2686.32
C69,10:27:09,1/05/2018,17-Apr-18,0.074,14,0.44,4428.62
C17,10:27:09,1/05/2018,17-Apr-18,0.083,14,0.44,3586.7
C51,10:27:09,1/05/2018,17-Apr-18,0.104,14,0.44,7068.49
C21,10:27:09,1/05/2018,17-Apr-18,0.096,14,0.44,1386.71
C7,10:27:09,1/05/2018,17-Apr-18,0.122,14,0.44,1978.46
C77,10:27:09,1/05/2018,17-Apr-18,0.077,14,0.44,596.265
C57,10:27:09,1/05/2018,17-Apr-18,0.1,14,0.44,2166.74
C61,11:05:17,1/05/2018,17-Apr-18,0.075,14,0.46,2267.81
C79,11:05:17,1/05/2018,17-Apr-18,0.084,14,0.46,1701.67
C49,11:05:17,1/05/2018,17-Apr-18,0.061,14,0.46,3928.38
C55,11:05:17,1/05/2018,17-Apr-18,0.072,14,0.46,3214.72
C13,11:05:17,1/05/2018,17-Apr-18,0.079,14,0.46,3145.24
C33,11:05:17,1/05/2018,17-Apr-18,0.08,14,0.46,4273.27
C67,11:05:17,1/05/2018,17-Apr-18,0.074,14,0.46,1568.11
C65,11:05:17,1/05/2018,17-Apr-18,0.071,14,0.46,3209.21
C37,11:38:07,1/05/2018,17-Apr-18,0.087,14,0.48,2771.07
C19,11:38:07,1/05/2018,17-Apr-18,0.075,14,0.48,2365.02
C25,11:38:07,1/05/2018,17-Apr-18,0.084,14,0.48,1604.47
C29,11:38:07,1/05/2018,17-Apr-18,0.095,14,0.48,2973.17
C45,11:38:07,1/05/2018,17-Apr-18,0.05,14,0.48,2138.71
C41,11:38:07,1/05/2018,17-Apr-18,0.062,14,0.48,927.93
C59,12:14:56,1/05/2018,17-Apr-18,0.065,14,0.51,4428.17
C71,12:14:56,1/05/2018,17-Apr-18,0.062,14,0.51,4804.77
C75,12:14:56,1/05/2018,17-Apr-18,0.068,14,0.51,4818.83
C5,12:14:56,1/05/2018,17-Apr-18,0.067,14,0.51,3268.52
C15,12:48:23,1/05/2018,17-Apr-18,0.097,14,0.53,3926.9
C39,12:48:23,1/05/2018,17-Apr-18,0.071,14,0.53,5786.43
C53,12:48:23,1/05/2018,17-Apr-18,0.075,14,0.53,3980.26
C31,12:48:23,1/05/2018,17-Apr-18,0.076,14,0.53,5711.04
C3,8:57:21,2/05/2018,17-Apr-18,0.091,15,0.37,4501.07
C11,8:57:21,2/05/2018,17-Apr-18,0.066,15,0.37,4430.48
C27,8:57:21,2/05/2018,17-Apr-18,0.094,15,0.37,2551.35
C57,9:28:48,2/05/2018,17-Apr-18,0.1,15,0.39,1957.69
C47,9:28:48,2/05/2018,17-Apr-18,0.081,15,0.39,1256.8
C41,9:28:48,2/05/2018,17-Apr-18,0.062,15,0.39,857.383
C15,9:28:48,2/05/2018,17-Apr-18,0.097,15,0.39,3468.46
C63,9:28:48,2/05/2018,17-Apr-18,0.081,15,0.39,4577.01
C59,9:28:48,2/05/2018,17-Apr-18,0.065,15,0.39,5764.66
C19,10:09:13,2/05/2018,17-Apr-18,0.075,15,0.42,5478.46
C13,10:09:13,2/05/2018,17-Apr-18,0.079,15,0.42,3240.37
C23,10:09:13,2/05/2018,17-Apr-18,0.081,15,0.42,5634.8
C73,10:09:13,2/05/2018,17-Apr-18,0.082,15,0.42,3347.43
C45,10:09:13,2/05/2018,17-Apr-18,0.05,15,0.42,4396.14
C43,10:09:13,2/05/2018,17-Apr-18,0.064,15,0.42,1234.87
C1,10:46:32,2/05/2018,17-Apr-18,0.07,15,0.45,6323.57
C67,10:46:32,2/05/2018,17-Apr-18,0.074,15,0.45,865.134
C9,10:46:32,2/05/2018,17-Apr-18,0.066,15,0.45,2747.79
C61,10:46:32,2/05/2018,17-Apr-18,0.075,15,0.45,2154.92
C55,10:46:32,2/05/2018,17-Apr-18,0.072,15,0.45,2816.61
C65,11:22:26,2/05/2018,17-Apr-18,0.071,15,0.47,3409.88
C53,11:22:26,2/05/2018,17-Apr-18,0.075,15,0.47,6245.8
C25,11:22:26,2/05/2018,17-Apr-18,0.084,15,0.47,872.877
C17,11:22:26,2/05/2018,17-Apr-18,0.083,15,0.47,2176.08
C39,11:22:26,2/05/2018,17-Apr-18,0.071,15,0.47,4789.3
C71,11:22:26,2/05/2018,17-Apr-18,0.062,15,0.47,3861.97
C79,11:22:26,2/05/2018,17-Apr-18,0.084,15,0.47,2273.51
C31,11:57:09,2/05/2018,17-Apr-18,0.076,15,0.5,6647.38
C49,11:57:09,2/05/2018,17-Apr-18,0.061,15,0.5,3124.49
C77,11:57:09,2/05/2018,17-Apr-18,0.077,15,0.5,685.723
C21,11:57:09,2/05/2018,17-Apr-18,0.096,15,0.5,1120.47
C69,11:57:09,2/05/2018,17-Apr-18,0.074,15,0.5,3323.02
C7,11:57:09,2/05/2018,17-Apr-18,0.122,15,0.5,2272.11
C51,12:49:58,2/05/2018,17-Apr-18,0.104,15,0.53,8353.75
C35,12:49:58,2/05/2018,17-Apr-18,0.052,15,0.53,5911.9
C5,12:49:58,2/05/2018,17-Apr-18,0.067,15,0.53,4193
C33,12:49:58,2/05/2018,17-Apr-18,0.08,15,0.53,4203.08
C29,12:49:58,2/05/2018,17-Apr-18,0.095,15,0.53,2695.28
C37,12:49:58,2/05/2018,17-Apr-18,0.087,15,0.53,2687.63
C75,12:49:58,2/05/2018,17-Apr-18,0.068,15,0.53,7584.5
C17,8:54:15,3/05/2018,17-Apr-18,0.083,16,0.37,2779.57
C55,8:54:15,3/05/2018,17-Apr-18,0.072,16,0.37,2985.27
C69,8:54:15,3/05/2018,17-Apr-18,0.074,16,0.37,3356.21
C61,9:26:49,3/05/2018,17-Apr-18,0.075,16,0.39,1863.61
C25,9:26:49,3/05/2018,17-Apr-18,0.084,16,0.39,941.303
C75,9:26:49,3/05/2018,17-Apr-18,0.068,16,0.39,7611.77
C29,9:26:49,3/05/2018,17-Apr-18,0.095,16,0.39,4045.04
C7,9:26:49,3/05/2018,17-Apr-18,0.122,16,0.39,1611.32
C1,9:26:49,3/05/2018,17-Apr-18,0.07,16,0.39,5955.3
C37,10:04:11,3/05/2018,17-Apr-18,0.087,16,0.42,2095.96
C27,10:04:11,3/05/2018,17-Apr-18,0.094,16,0.42,3229.09
C79,10:04:11,3/05/2018,17-Apr-18,0.084,16,0.42,1731.54
C59,10:04:11,3/05/2018,17-Apr-18,0.065,16,0.42,4939.44
C71,10:04:11,3/05/2018,17-Apr-18,0.062,16,0.42,4641.31
C19,10:04:11,3/05/2018,17-Apr-18,0.075,16,0.42,7038.11
C77,10:04:11,3/05/2018,17-Apr-18,0.077,16,0.42,438.068
C41,10:36:28,3/05/2018,17-Apr-18,0.062,16,0.44,1909.32
C15,10:36:28,3/05/2018,17-Apr-18,0.097,16,0.44,3734.58
C73,10:36:28,3/05/2018,17-Apr-18,0.082,16,0.44,4098.03
C5,10:36:28,3/05/2018,17-Apr-18,0.067,16,0.44,3491.21
C53,10:36:28,3/05/2018,17-Apr-18,0.075,16,0.44,8887.43
C65,10:36:28,3/05/2018,17-Apr-18,0.071,16,0.44,3107.28
C33,10:36:28,3/05/2018,17-Apr-18,0.08,16,0.44,4539.21
C51,11:10:01,3/05/2018,17-Apr-18,0.104,16,0.47,5316.65
C43,11:10:01,3/05/2018,17-Apr-18,0.064,16,0.47,1148.43
C13,11:10:01,3/05/2018,17-Apr-18,0.079,16,0.47,2888.94
C39,11:10:01,3/05/2018,17-Apr-18,0.071,16,0.47,7119.89
C47,11:10:01,3/05/2018,17-Apr-18,0.081,16,0.47,2739.01
C45,11:10:01,3/05/2018,17-Apr-18,0.05,16,0.47,4617.1
C9,11:10:01,3/05/2018,17-Apr-18,0.066,16,0.47,3756.77
C11,11:47:21,3/05/2018,17-Apr-18,0.066,16,0.49,5900.8
C35,11:47:21,3/05/2018,17-Apr-18,0.052,16,0.49,6383.96
C3,11:47:21,3/05/2018,17-Apr-18,0.091,16,0.49,2751.16
C31,11:47:21,3/05/2018,17-Apr-18,0.076,16,0.49,6166.15
C21,11:47:21,3/05/2018,17-Apr-18,0.096,16,0.49,1791.28
C57,12:22:19,3/05/2018,17-Apr-18,0.1,16,0.52,1622.11
C63,12:22:19,3/05/2018,17-Apr-18,0.081,16,0.52,4512.52
C67,12:22:19,3/05/2018,17-Apr-18,0.074,16,0.52,1248.84
C23,12:22:19,3/05/2018,17-Apr-18,0.081,16,0.52,4867.08
C49,12:22:19,3/05/2018,17-Apr-18,0.061,16,0.52,8295.82
C35,8:57:53,4/05/2018,17-Apr-18,0.052,17,0.37,5550.14
C33,8:57:53,4/05/2018,17-Apr-18,0.08,17,0.37,5961.89
C7,8:57:53,4/05/2018,17-Apr-18,0.122,17,0.37,605.644
C29,8:57:53,4/05/2018,17-Apr-18,0.095,17,0.37,4582.39
C75,8:57:53,4/05/2018,17-Apr-18,0.068,17,0.37,6989.64
C11,9:31:42,4/05/2018,17-Apr-18,0.066,17,0.4,4398.38
C41,9:31:42,4/05/2018,17-Apr-18,0.062,17,0.4,895.793
C79,9:31:42,4/05/2018,17-Apr-18,0.084,17,0.4,2742.48
C19,9:31:42,4/05/2018,17-Apr-18,0.075,17,0.4,4238.29
C61,9:31:42,4/05/2018,17-Apr-18,0.075,17,0.4,2222.8
C57,9:31:42,4/05/2018,17-Apr-18,0.1,17,0.4,1952.68
C15,10:03:37,4/05/2018,17-Apr-18,0.097,17,0.42,2961.05
C51,10:03:37,4/05/2018,17-Apr-18,0.104,17,0.42,9439.07
C13,10:03:37,4/05/2018,17-Apr-18,0.079,17,0.42,3289.82
C71,10:03:37,4/05/2018,17-Apr-18,0.062,17,0.42,5291.94
C17,10:03:37,4/05/2018,17-Apr-18,0.083,17,0.42,4173.27
C1,10:35:14,4/05/2018,17-Apr-18,0.07,17,0.44,5966.59
C31,10:35:14,4/05/2018,17-Apr-18,0.076,17,0.44,9366.65
C45,10:35:14,4/05/2018,17-Apr-18,0.05,17,0.44,4728.25
C67,10:35:14,4/05/2018,17-Apr-18,0.074,17,0.44,1609.16
C23,11:08:25,4/05/2018,17-Apr-18,0.081,17,0.46,3553.75
C49,11:08:25,4/05/2018,17-Apr-18,0.061,17,0.46,8755.25
C3,11:08:25,4/05/2018,17-Apr-18,0.091,17,0.46,2193.91
C27,11:08:25,4/05/2018,17-Apr-18,0.094,17,0.46,2397.64
C77,11:08:25,4/05/2018,17-Apr-18,0.077,17,0.46,549.34
C9,11:08:25,4/05/2018,17-Apr-18,0.066,17,0.46,4363.17
C5,11:08:25,4/05/2018,17-Apr-18,0.067,17,0.46,2960.04
C63,11:08:25,4/05/2018,17-Apr-18,0.081,17,0.46,3951.48
C25,11:46:59,4/05/2018,17-Apr-18,0.084,17,0.49,1126.9
C37,11:46:59,4/05/2018,17-Apr-18,0.087,17,0.49,2119.18
C43,11:46:59,4/05/2018,17-Apr-18,0.064,17,0.49,2256.13
C65,11:46:59,4/05/2018,17-Apr-18,0.071,17,0.49,3041.67
C69,11:46:59,4/05/2018,17-Apr-18,0.074,17,0.49,2833.99
C73,11:46:59,4/05/2018,17-Apr-18,0.082,17,0.49,4102.28
C39,12:19:13,4/05/2018,17-Apr-18,0.071,17,0.51,4596.06
C53,12:19:13,4/05/2018,17-Apr-18,0.075,17,0.51,8298.44
C21,12:19:13,4/05/2018,17-Apr-18,0.096,17,0.51,812.635
C47,12:19:13,4/05/2018,17-Apr-18,0.081,17,0.51,2413.24
C55,12:19:13,4/05/2018,17-Apr-18,0.072,17,0.51,2744.06
C59,12:19:13,4/05/2018,17-Apr-18,0.065,17,0.51,5822.79
C75,9:06:23,5/05/2018,17-Apr-18,0.068,18,0.38,7306.56
C51,9:06:23,5/05/2018,17-Apr-18,0.104,18,0.38,7550.78
C49,9:06:23,5/05/2018,17-Apr-18,0.061,18,0.38,8353.69
C15,9:06:23,5/05/2018,17-Apr-18,0.097,18,0.38,2465.91
C57,9:06:23,5/05/2018,17-Apr-18,0.1,18,0.38,1636.9
C59,9:06:23,5/05/2018,17-Apr-18,0.065,18,0.38,4738.39
C47,9:06:23,5/05/2018,17-Apr-18,0.081,18,0.38,2189.67
C73,9:43:04,5/05/2018,17-Apr-18,0.082,18,0.4,3882.76
C29,9:43:04,5/05/2018,17-Apr-18,0.095,18,0.4,3239.71
C7,9:43:04,5/05/2018,17-Apr-18,0.122,18,0.4,2068.24
C67,9:43:04,5/05/2018,17-Apr-18,0.074,18,0.4,1466.74
C37,10:17:37,5/05/2018,17-Apr-18,0.087,18,0.43,2455.16
C13,10:17:37,5/05/2018,17-Apr-18,0.079,18,0.43,5018.92
C71,10:17:37,5/05/2018,17-Apr-18,0.062,18,0.43,4334.3
C77,10:17:37,5/05/2018,17-Apr-18,0.077,18,0.43,718.381
C23,10:51:21,5/05/2018,17-Apr-18,0.081,18,0.45,4036.38
C53,10:51:21,5/05/2018,17-Apr-18,0.075,18,0.45,9420.1
C3,10:51:21,5/05/2018,17-Apr-18,0.091,18,0.45,2043.54
C27,10:51:21,5/05/2018,17-Apr-18,0.094,18,0.45,2525.26
C9,11:29:00,5/05/2018,17-Apr-18,0.066,18,0.48,2868
C21,11:29:00,5/05/2018,17-Apr-18,0.096,18,0.48,1153.83
C45,11:29:00,5/05/2018,17-Apr-18,0.05,18,0.48,5064.47
C35,11:29:00,5/05/2018,17-Apr-18,0.052,18,0.48,5810.37
C1,11:29:00,5/05/2018,17-Apr-18,0.07,18,0.48,5339.84
C43,11:29:00,5/05/2018,17-Apr-18,0.064,18,0.48,3593.92
C33,11:29:00,5/05/2018,17-Apr-18,0.08,18,0.48,5423.64
C63,11:29:00,5/05/2018,17-Apr-18,0.081,18,0.48,3254.91
C25,12:01:25,5/05/2018,17-Apr-18,0.084,18,0.5,841.128
C17,12:01:25,5/05/2018,17-Apr-18,0.083,18,0.5,4225.98
C19,12:01:25,5/05/2018,17-Apr-18,0.075,18,0.5,3071.04
C61,12:01:25,5/05/2018,17-Apr-18,0.075,18,0.5,2602.35
C41,12:01:25,5/05/2018,17-Apr-18,0.062,18,0.5,891.757
C31,12:01:25,5/05/2018,17-Apr-18,0.076,18,0.5,6832.84
C69,12:01:25,5/05/2018,17-Apr-18,0.074,18,0.5,2361.03
C79,12:39:39,5/05/2018,17-Apr-18,0.084,18,0.53,4634.46
C11,12:39:39,5/05/2018,17-Apr-18,0.066,18,0.53,6667.91
C55,12:39:39,5/05/2018,17-Apr-18,0.072,18,0.53,2801.33
C5,12:39:39,5/05/2018,17-Apr-18,0.067,18,0.53,2726.93
C65,12:39:39,5/05/2018,17-Apr-18,0.071,18,0.53,3280.19
C39,12:39:39,5/05/2018,17-Apr-18,0.071,18,0.53,6199.05
C27,9:06:46,6/05/2018,17-Apr-18,0.094,19,0.38,2054
C69,9:06:46,6/05/2018,17-Apr-18,0.074,19,0.38,1849.75
C41,9:06:46,6/05/2018,17-Apr-18,0.062,19,0.38,910.309
C5,9:06:46,6/05/2018,17-Apr-18,0.067,19,0.38,2791.75
C71,9:06:46,6/05/2018,17-Apr-18,0.062,19,0.38,3201.03
C65,9:42:07,6/05/2018,17-Apr-18,0.071,19,0.4,2395.4
C37,9:42:07,6/05/2018,17-Apr-18,0.087,19,0.4,1224.61
C31,9:42:07,6/05/2018,17-Apr-18,0.076,19,0.4,5839.42
C63,9:42:07,6/05/2018,17-Apr-18,0.081,19,0.4,1884.33
C11,9:42:07,6/05/2018,17-Apr-18,0.066,19,0.4,3582.28
C67,9:42:07,6/05/2018,17-Apr-18,0.074,19,0.4,1701.48
C1,9:42:07,6/05/2018,17-Apr-18,0.07,19,0.4,5511.51
C45,10:19:05,6/05/2018,17-Apr-18,0.05,19,0.43,4053.9
C59,10:19:05,6/05/2018,17-Apr-18,0.065,19,0.43,7220.58
C57,10:19:05,6/05/2018,17-Apr-18,0.1,19,0.43,1771.29
C25,10:19:05,6/05/2018,17-Apr-18,0.084,19,0.43,815.7
C7,10:19:05,6/05/2018,17-Apr-18,0.122,19,0.43,1842.62
C53,10:19:05,6/05/2018,17-Apr-18,0.075,19,0.43,8175.95
C9,10:19:05,6/05/2018,17-Apr-18,0.066,19,0.43,3519.03
C55,10:19:05,6/05/2018,17-Apr-18,0.072,19,0.43,2190.05
C15,10:53:45,6/05/2018,17-Apr-18,0.097,19,0.45,2824.61
C33,10:53:45,6/05/2018,17-Apr-18,0.08,19,0.45,5500.14
C21,10:53:45,6/05/2018,17-Apr-18,0.096,19,0.45,1422.76
C29,10:53:45,6/05/2018,17-Apr-18,0.095,19,0.45,4096.36
C17,10:53:45,6/05/2018,17-Apr-18,0.083,19,0.45,3573.78
C51,10:53:45,6/05/2018,17-Apr-18,0.104,19,0.45,8880.64
C23,11:27:42,6/05/2018,17-Apr-18,0.081,19,0.48,3679.42
C35,11:27:42,6/05/2018,17-Apr-18,0.052,19,0.48,5733.88
C49,11:27:42,6/05/2018,17-Apr-18,0.061,19,0.48,8309.02
C13,11:27:42,6/05/2018,17-Apr-18,0.079,19,0.48,4130.07
C73,11:27:42,6/05/2018,17-Apr-18,0.082,19,0.48,5132.03
C75,12:00:11,6/05/2018,17-Apr-18,0.068,19,0.5,6967.87
C47,12:00:11,6/05/2018,17-Apr-18,0.081,19,0.5,3594.51
C19,12:00:11,6/05/2018,17-Apr-18,0.075,19,0.5,4863.54
C43,12:00:11,6/05/2018,17-Apr-18,0.064,19,0.5,2890.04
C61,12:35:32,6/05/2018,17-Apr-18,0.075,19,0.52,1529.26
C39,12:35:32,6/05/2018,17-Apr-18,0.071,19,0.52,5793.34
C77,12:35:32,6/05/2018,17-Apr-18,0.077,19,0.52,656.737
C3,12:35:32,6/05/2018,17-Apr-18,0.091,19,0.52,2899.76
C79,12:35:32,6/05/2018,17-Apr-18,0.084,19,0.52,3193.22
C51,9:37:14,7/05/2018,17-Apr-18,0.104,20,0.4,8345.73
C47,9:37:14,7/05/2018,17-Apr-18,0.081,20,0.4,855.016
C43,9:37:14,7/05/2018,17-Apr-18,0.064,20,0.4,433.412
C11,9:37:14,7/05/2018,17-Apr-18,0.066,20,0.4,4414.97
C19,9:37:14,7/05/2018,17-Apr-18,0.075,20,0.4,5934.95
C15,9:37:14,7/05/2018,17-Apr-18,0.097,20,0.4,4805.15
C17,9:37:14,7/05/2018,17-Apr-18,0.083,20,0.4,4688.84
C73,9:37:14,7/05/2018,17-Apr-18,0.082,20,0.4,3293.5
C1,10:11:44,7/05/2018,17-Apr-18,0.07,20,0.42,5743.18
C39,10:11:44,7/05/2018,17-Apr-18,0.071,20,0.42,6306.31
C13,10:11:44,7/05/2018,17-Apr-18,0.079,20,0.42,3344.7
C61,10:11:44,7/05/2018,17-Apr-18,0.075,20,0.42,2000.08
C53,10:11:44,7/05/2018,17-Apr-18,0.075,20,0.42,10763
C37,10:42:46,7/05/2018,17-Apr-18,0.087,20,0.45,1577.4
C69,10:42:46,7/05/2018,17-Apr-18,0.074,20,0.45,2006.39
C71,10:42:46,7/05/2018,17-Apr-18,0.062,20,0.45,5581.02
C57,10:42:46,7/05/2018,17-Apr-18,0.1,20,0.45,1286.59
C27,10:42:46,7/05/2018,17-Apr-18,0.094,20,0.45,2145.16
C29,10:42:46,7/05/2018,17-Apr-18,0.095,20,0.45,3373.96
C75,10:42:46,7/05/2018,17-Apr-18,0.068,20,0.45,6770.86
C23,10:42:46,7/05/2018,17-Apr-18,0.081,20,0.45,2768.98
C7,11:14:06,7/05/2018,17-Apr-18,0.122,20,0.47,1833.28
C79,11:14:06,7/05/2018,17-Apr-18,0.084,20,0.47,4492.86
C31,11:14:06,7/05/2018,17-Apr-18,0.076,20,0.47,4895.81
C41,11:14:06,7/05/2018,17-Apr-18,0.062,20,0.47,688.325
C35,11:14:06,7/05/2018,17-Apr-18,0.052,20,0.47,7032.02
C25,11:44:50,7/05/2018,17-Apr-18,0.084,20,0.49,640.708
C49,11:44:50,7/05/2018,17-Apr-18,0.061,20,0.49,5294.14
C45,11:44:50,7/05/2018,17-Apr-18,0.05,20,0.49,3606.96
C55,12:17:46,7/05/2018,17-Apr-18,0.072,20,0.51,2067.23
C67,12:17:46,7/05/2018,17-Apr-18,0.074,20,0.51,1044.35
C3,12:17:46,7/05/2018,17-Apr-18,0.091,20,0.51,3114.37
C5,12:17:46,7/05/2018,17-Apr-18,0.067,20,0.51,2297.12
C33,12:17:46,7/05/2018,17-Apr-18,0.08,20,0.51,5636.7
C21,12:17:46,7/05/2018,17-Apr-18,0.096,20,0.51,1293.55
C63,12:17:46,7/05/2018,17-Apr-18,0.081,20,0.51,2665.15
C77,12:58:58,7/05/2018,17-Apr-18,0.077,20,0.54,692.012
C59,12:58:58,7/05/2018,17-Apr-18,0.065,20,0.54,5801.81
C65,12:58:58,7/05/2018,17-Apr-18,0.071,20,0.54,3156.58
C9,12:58:58,7/05/2018,17-Apr-18,0.066,20,0.54,3596.95
